Sender ID,Operator/Gateway,Description,State,Date
Default [ AXIATA ],Approved,None,2016-05-12 19:32:50
Initiative,Default [ AXIATA ],Approved,None,2016-05-12 19:32:50
TITANIC,Default [ AXIATA ],Approved,None,2016-05-12 19:32:50
Bernhardt,Default [ AXIATA ],Approved,None,2016-05-12 19:32:50
PAJU,Default [ AXIATA ],Approved,None,2016-05-12 19:32:50
RARA,Default [ AXIATA ],Approved,None,2016-05-12 19:32:50
LuckyHR,Default [ AXIATA ],Approved,None,2016-05-12 19:32:50
GrandS,Default [ AXIATA ],Approved,None,2016-05-12 19:32:50
FloridHR,Default [ AXIATA ],Approved,None,2016-05-12 19:32:50
Prudential,Default [ AXIATA ],Approved,None,2016-05-12 19:32:50
KoshiIntl,Default [ AXIATA ],Approved,None,2016-05-12 19:32:50
DDOVERSEAS,Default [ AXIATA ],Approved,None,2016-05-12 19:32:50
National,Default [ AXIATA ],Approved,None,2016-05-12 19:32:50
Aadarsha,Default [ AXIATA ],Approved,None,2016-05-12 19:32:50
Dewan,Default [ AXIATA ],Approved,None,2016-05-12 19:32:50
Niwida,Default [ AXIATA ],Approved,None,2016-05-12 19:32:50
Motherland,Default [ AXIATA ],Approved,None,2016-05-12 19:32:50
Amcon,Default [ AXIATA ],Approved,None,2016-05-12 19:32:50
Evergreen,Default [ AXIATA ],Approved,None,2016-05-12 19:32:50
Aakriti,Default [ AXIATA ],Approved,None,2016-05-12 19:32:50
NEGOSAA,Default [ AXIATA ],Approved,None,2016-05-12 19:32:50
SCMM,Default [ AXIATA ],Approved,None,2016-05-12 19:32:50
Eurokids,Default [ AXIATA ],Approved,None,2016-05-12 19:32:50
Milestone,Default [ AXIATA ],Approved,None,2016-05-12 19:32:50
Horizon,Default [ AXIATA ],Approved,None,2016-05-12 19:32:50
HUBINTL,Default [ AXIATA ],Approved,None,2016-05-12 19:32:50
NEFEG,Default [ AXIATA ],Approved,None,2016-05-12 19:32:50
Grandsuite,Default [ AXIATA ],Approved,None,2016-05-12 19:32:50
Career,Default [ AXIATA ],Approved,None,2016-05-12 19:32:50
Adventure,Default [ AXIATA ],Approved,None,2016-05-12 19:32:50
Starworld,Default [ AXIATA ],Approved,None,2016-05-12 19:32:50
BMoverseas,Default [ AXIATA ],Approved,None,2016-05-12 19:32:50
Mensa,Default [ AXIATA ],Approved,None,2016-05-12 19:32:50
Kathmandu,Default [ AXIATA ],Approved,None,2016-05-12 19:32:50
Allsecure,Default [ AXIATA ],Approved,None,2016-05-12 19:32:50
NEFEMA,Default [ AXIATA ],Approved,None,2016-05-12 19:32:50
PSON,Default [ AXIATA ],Approved,None,2016-05-12 19:32:50
Crown,Default [ AXIATA ],Approved,None,2016-05-12 19:32:50
Lifeintl,Default [ AXIATA ],Approved,None,2016-05-12 19:32:50
kandk,Default [ AXIATA ],Approved,None,2016-05-12 19:32:50
ICHM,Default [ AXIATA ],Approved,None,2016-05-12 19:32:50
FLYTECH,Default [ AXIATA ],Approved,None,2016-05-12 19:32:50
Prayas,Default [ AXIATA ],Approved,None,2016-05-12 19:32:50
Meridian,Default [ AXIATA ],Approved,None,2016-05-12 19:32:50
Majesty,Default [ AXIATA ],Approved,None,2016-05-12 19:32:50
NasserNOC,Default [ AXIATA ],Approved,None,2016-05-12 19:32:50
NGSCBA,Default [ AXIATA ],Approved,None,2016-05-12 19:32:50
Sambriddhi,Default [ AXIATA ],Approved,None,2016-05-12 19:32:50
MegaMove,Default [ AXIATA ],Approved,None,2016-05-12 19:32:50
MeridianOVS,Default [ AXIATA ],Approved,None,2016-05-12 19:32:50
Samyog,Default [ AXIATA ],Approved,None,2016-05-12 19:32:50
Montage,Default [ AXIATA ],Approved,None,2016-05-12 19:32:50
Birat,Default [ AXIATA ],Approved,None,2016-05-12 19:32:50
Worldvision,Default [ AXIATA ],Approved,None,2016-05-12 19:32:50
Ayush,Default [ AXIATA ],Approved,None,2016-05-12 19:32:50
Veerkotkali,Default [ AXIATA ],Approved,None,2016-05-12 19:32:50
SMRNepal,Default [ AXIATA ],Approved,None,2016-05-12 19:32:50
CodeIntl,Default [ AXIATA ],Approved,None,2016-05-12 19:32:50
Humour,Default [ AXIATA ],Approved,None,2016-05-12 19:32:50
WiseIntl,Default [ AXIATA ],Approved,None,2016-05-12 19:32:50
Nepaintl,Default [ AXIATA ],Approved,None,2016-05-12 19:32:50
MRCSN,Default [ AXIATA ],Approved,None,2016-05-12 19:32:50
OxfordIntl,Default [ AXIATA ],Approved,None,2016-05-12 19:32:50
RakiIntl,Default [ AXIATA ],Approved,None,2016-05-12 19:32:50
AlDahabiya,Default [ AXIATA ],Approved,None,2016-05-12 19:32:50
NimbusHR,Default [ AXIATA ],Approved,None,2016-05-12 19:32:50
Dharma,Default [ AXIATA ],Approved,None,2016-05-12 19:32:50
Friendship,Default [ AXIATA ],Approved,None,2016-05-12 19:32:50
MassHR,Default [ AXIATA ],Approved,None,2016-05-12 19:32:50
Agni,Default [ AXIATA ],Approved,None,2016-05-12 19:32:50
Dakshinkali,Default [ AXIATA ],Approved,None,2016-05-12 19:32:50
GulfaEmp,Default [ AXIATA ],Approved,None,2016-05-12 19:32:50
NewGlobal,Default [ AXIATA ],Approved,None,2016-05-12 19:32:50
Tinjure,Default [ AXIATA ],Approved,None,2016-05-12 19:32:50
Araniko,Default [ AXIATA ],Approved,None,2016-05-12 19:32:50
LinkonIntl,Default [ AXIATA ],Approved,None,2016-05-12 19:32:50
Jugalintl,Default [ AXIATA ],Approved,None,2016-05-12 19:32:50
Birad,Default [ AXIATA ],Approved,None,2016-05-12 19:32:50
AlZafar,Default [ AXIATA ],Approved,None,2016-05-12 19:32:50
Jupiter,Default [ AXIATA ],Approved,None,2016-05-12 19:32:50
Sterling,Default [ AXIATA ],Approved,None,2016-05-12 19:32:50
SpeedOVS,Default [ AXIATA ],Approved,None,2016-05-12 19:32:50
Navajeevan,Default [ AXIATA ],Approved,None,2016-05-12 19:32:50
JobCenter,Default [ AXIATA ],Approved,None,2016-05-12 19:32:50
Hakuho,Default [ AXIATA ],Approved,None,2016-05-12 19:32:50
Nepalintl,Default [ AXIATA ],Approved,None,2016-05-12 19:32:50
FocusNepal,Default [ AXIATA ],Approved,None,2016-05-12 19:32:50
Hamidah,Default [ AXIATA ],Approved,None,2016-05-12 19:32:50
IndmanNep,Default [ AXIATA ],Approved,None,2016-05-12 19:32:50
NAASAHR,Default [ AXIATA ],Approved,None,2016-05-12 19:32:50
Shubhharati,Default [ AXIATA ],Approved,None,2016-05-12 19:32:50
Siddhartha,Default [ AXIATA ],Approved,None,2016-05-12 19:32:50
Young,Default [ AXIATA ],Approved,None,2016-05-12 19:32:50
AromaIntl,Default [ AXIATA ],Approved,None,2016-05-12 19:32:50
SaanNepal,Default [ AXIATA ],Approved,None,2016-05-12 19:32:50
Indoasian,Default [ AXIATA ],Approved,None,2016-05-12 19:32:50
Sahara,Default [ AXIATA ],Approved,None,2016-05-12 19:32:50
Sajima,Default [ AXIATA ],Approved,None,2016-05-12 19:32:50
Sewa,Default [ AXIATA ],Approved,None,2016-05-12 19:32:50
TrustNepal,Default [ AXIATA ],Approved,None,2016-05-12 19:32:50
Worldtouch,Default [ AXIATA ],Approved,None,2016-05-12 19:32:50
Precise,Default [ AXIATA ],Approved,None,2016-05-12 19:32:50
Gorkhas,Default [ AXIATA ],Approved,None,2016-05-12 19:32:50
Yacca,Default [ AXIATA ],Approved,None,2016-05-12 19:32:50
Marigold,Default [ AXIATA ],Approved,None,2016-05-12 19:32:50
BabyAngel,Default [ AXIATA ],Approved,None,2016-05-12 19:32:50
SigmaOVS,Default [ AXIATA ],Approved,None,2016-05-12 19:32:50
Whitepearl,Default [ AXIATA ],Approved,None,2016-05-12 19:32:50
DHRNepal,Default [ AXIATA ],Approved,None,2016-05-12 19:32:50
DestinyPS,Default [ AXIATA ],Approved,None,2016-05-12 19:32:50
HMS,Default [ AXIATA ],Approved,None,2016-05-12 19:32:50
OzoneOvs,Default [ AXIATA ],Approved,None,2016-05-12 19:32:50
RelationEmp,Default [ AXIATA ],Approved,None,2016-05-12 19:32:50
ImperialOvs,Default [ AXIATA ],Approved,None,2016-05-12 19:32:50
Worldwide,Default [ AXIATA ],Approved,None,2016-05-12 19:32:50
BishwasOvs,Default [ AXIATA ],Approved,None,2016-05-12 19:32:50
AsiaLink,Default [ AXIATA ],Approved,None,2016-05-12 19:32:50
NabilOvs,Default [ AXIATA ],Approved,None,2016-05-12 19:32:50
Klemp,Default [ AXIATA ],Approved,None,2016-05-12 19:32:50
PotalaOvs,Default [ AXIATA ],Approved,None,2016-05-12 19:32:50
Societal,Default [ AXIATA ],Approved,None,2016-05-12 19:32:50
SVASSO,Default [ AXIATA ],Approved,None,2016-05-12 19:32:50
PukarIntl,Default [ AXIATA ],Approved,None,2016-05-12 19:32:50
SkyWay,Default [ AXIATA ],Approved,None,2016-05-12 19:32:50
GreaterVSN,Default [ AXIATA ],Approved,None,2016-05-12 19:32:50
CapitalInt,Default [ AXIATA ],Approved,None,2016-05-12 19:32:50
GreatSky,Default [ AXIATA ],Approved,None,2016-05-12 19:32:50
GolfInnov,Default [ AXIATA ],Approved,None,2016-05-12 19:32:50
Versatile,Default [ AXIATA ],Approved,None,2016-05-12 19:32:50
Caravan,Default [ AXIATA ],Approved,None,2016-05-12 19:32:50
UnitedHR,Default [ AXIATA ],Approved,None,2016-05-12 19:32:50
UnitedIntl,Default [ AXIATA ],Approved,None,2016-05-12 19:32:50
Kankai,Default [ AXIATA ],Approved,None,2016-05-12 19:32:50
CareerIntl,Default [ AXIATA ],Approved,None,2016-05-12 19:32:50
Equator,Default [ AXIATA ],Approved,None,2016-05-12 19:32:50
Damaru,Default [ AXIATA ],Approved,None,2016-05-12 19:32:50
Tirupati,Default [ AXIATA ],Approved,None,2016-05-12 19:32:50
GurungMgmt,Default [ AXIATA ],Approved,None,2016-05-12 19:32:50
GlobalAll,Default [ AXIATA ],Approved,None,2016-05-12 19:32:50
RaptiPlace,Default [ AXIATA ],Approved,None,2016-05-12 19:32:50
THENEXT,Default [ AXIATA ],Approved,None,2016-05-12 19:32:50
HiNepal,Default [ AXIATA ],Approved,None,2016-05-12 19:32:50
JLECC,Default [ AXIATA ],Approved,None,2016-05-12 19:32:50
AlShoalat,Default [ AXIATA ],Approved,None,2016-05-12 19:32:50
Diana,Default [ AXIATA ],Approved,None,2016-05-12 19:32:50
Ocean,Default [ AXIATA ],Approved,None,2016-05-12 19:32:50
Noor,Default [ AXIATA ],Approved,None,2016-05-12 19:32:50
LibertyHR,Default [ AXIATA ],Approved,None,2016-05-12 19:32:50
AsmitaIntl,Default [ AXIATA ],Approved,None,2016-05-12 19:32:50
AseanaIntl,Default [ AXIATA ],Approved,None,2016-05-12 19:32:50
RBOverseas,Default [ AXIATA ],Approved,None,2016-05-12 19:32:50
SuryaIntl,Default [ AXIATA ],Approved,None,2016-05-12 19:32:50
MeridianMan,Default [ AXIATA ],Approved,None,2016-05-12 19:32:50
Asahi,Default [ AXIATA ],Approved,None,2016-05-12 19:32:50
AppleOVS,Default [ AXIATA ],Approved,None,2016-05-12 19:32:50
SecureMR,Default [ AXIATA ],Approved,None,2016-05-12 19:32:50
KanchanHR,Default [ AXIATA ],Approved,None,2016-05-12 19:32:50
AERC,Default [ AXIATA ],Approved,None,2016-05-12 19:32:50
AbcIntl,Default [ AXIATA ],Approved,None,2016-05-12 19:32:50
AbcPlace,Default [ AXIATA ],Approved,None,2016-05-12 19:32:50
AceEmp,Default [ AXIATA ],Approved,None,2016-05-12 19:32:50
ACMT,Default [ AXIATA ],Approved,None,2016-05-12 19:32:50
Akalpa,Default [ AXIATA ],Approved,None,2016-05-12 19:32:50
AliOverseas,Default [ AXIATA ],Approved,None,2016-05-12 19:32:50
AlNaseer,Default [ AXIATA ],Approved,None,2016-05-12 19:32:50
AlphaSigma,Default [ AXIATA ],Approved,None,2016-05-12 19:32:50
AnupamVS,Default [ AXIATA ],Approved,None,2016-05-12 19:32:50
ApenAcademy,Default [ AXIATA ],Approved,None,2016-05-12 19:32:50
ApiSchool,Default [ AXIATA ],Approved,None,2016-05-12 19:32:50
ArunOVS,Default [ AXIATA ],Approved,None,2016-05-12 19:32:50
ASintl,Default [ AXIATA ],Approved,None,2016-05-12 19:32:50
AtlasOVS,Default [ AXIATA ],Approved,None,2016-05-12 19:32:50
ATWS,Default [ AXIATA ],Approved,None,2016-05-12 19:32:50
AuroraHR,Default [ AXIATA ],Approved,None,2016-05-12 19:32:50
AusStudies,Default [ AXIATA ],Approved,None,2016-05-12 19:32:50
ShanIntl,Default [ AXIATA ],Approved,None,2016-05-12 19:32:50
BajraHR,Default [ AXIATA ],Approved,None,2016-05-12 19:32:50
BestEdu,Default [ AXIATA ],Approved,None,2016-05-12 19:32:50
BheriK,Default [ AXIATA ],Approved,None,2016-05-12 19:32:50
ExtremeGen,Default [ AXIATA ],Approved,None,2016-05-12 19:32:50
Broadlink,Default [ AXIATA ],Approved,None,2016-05-12 19:32:50
BroadwayOvs,Default [ AXIATA ],Approved,None,2016-05-12 19:32:50
BSOPL,Default [ AXIATA ],Approved,None,2016-05-12 19:32:50
BtaEduLink,Default [ AXIATA ],Approved,None,2016-05-12 19:32:50
BuddhaIntl,Default [ AXIATA ],Approved,None,2016-05-12 19:32:50
CanonIntl,Default [ AXIATA ],Approved,None,2016-05-12 19:32:50
CapitalRS,Default [ AXIATA ],Approved,None,2016-05-12 19:32:50
CapitalIntl,Default [ AXIATA ],Approved,None,2016-05-12 19:32:50
CastleEdu,Default [ AXIATA ],Approved,None,2016-05-12 19:32:50
Chandrama,Default [ AXIATA ],Approved,None,2016-05-12 19:32:50
CiplAcademy,Default [ AXIATA ],Approved,None,2016-05-12 19:32:50
Continental,Default [ AXIATA ],Approved,None,2016-05-12 19:32:50
DaisukiIntl,Default [ AXIATA ],Approved,None,2016-05-12 19:32:50
SadikshyaO,Default [ AXIATA ],Approved,None,2016-05-12 19:32:50
DeltaEmp,Default [ AXIATA ],Approved,None,2016-05-12 19:32:50
DesignEmp,Default [ AXIATA ],Approved,None,2016-05-12 19:32:50
Diaspora,Default [ AXIATA ],Approved,None,2016-05-12 19:32:50
DigitalC,Default [ AXIATA ],Approved,None,2016-05-12 19:32:50
Dormeuil,Default [ AXIATA ],Approved,None,2016-05-12 19:32:50
DynamicPos,Default [ AXIATA ],Approved,None,2016-05-12 19:32:50
EarthVision,Default [ AXIATA ],Approved,None,2016-05-12 19:32:50
ElinkNepal,Default [ AXIATA ],Approved,None,2016-05-12 19:32:50
EvergreenM,Default [ AXIATA ],Approved,None,2016-05-12 19:32:50
EUplacement,Default [ AXIATA ],Approved,None,2016-05-12 19:32:50
EuroNepal,Default [ AXIATA ],Approved,None,2016-05-12 19:32:50
ExcellentI,Default [ AXIATA ],Approved,None,2016-05-12 19:32:50
ExpertEdu,Default [ AXIATA ],Approved,None,2016-05-12 19:32:50
Fazalintl,Default [ AXIATA ],Approved,None,2016-05-12 19:32:50
Flan,Default [ AXIATA ],Approved,None,2016-05-12 19:32:50
FNGSGJA,Default [ AXIATA ],Approved,None,2016-05-12 19:32:50
ForceOne,Default [ AXIATA ],Approved,None,2016-05-12 19:32:50
FriendshipM,Default [ AXIATA ],Approved,None,2016-05-12 19:32:50
FrontLine,Default [ AXIATA ],Approved,None,2016-05-12 19:32:50
GautamIntl,Default [ AXIATA ],Approved,None,2016-05-12 19:32:50
Genuine,Default [ AXIATA ],Approved,None,2016-05-12 19:32:50
JerryMS,Default [ AXIATA ],Approved,None,2016-05-12 19:32:50
GlobalView,Default [ AXIATA ],Approved,None,2016-05-12 19:32:50
GlobalT,Default [ AXIATA ],Approved,None,2016-05-12 19:32:50
GlobalVisa,Default [ AXIATA ],Approved,None,2016-05-12 19:32:50
GloveLink,Default [ AXIATA ],Approved,None,2016-05-12 19:32:50
GodIntl,Default [ AXIATA ],Approved,None,2016-05-12 19:32:50
Goodwill,Default [ AXIATA ],Approved,None,2016-05-12 19:32:50
Greentara,Default [ AXIATA ],Approved,None,2016-05-12 19:32:50
GRmanpower,Default [ AXIATA ],Approved,None,2016-05-12 19:32:50
GulfMgmt,Default [ AXIATA ],Approved,None,2016-05-12 19:32:50
HelpOvs,Default [ AXIATA ],Approved,None,2016-05-12 19:32:50
IntlJob,Default [ AXIATA ],Approved,None,2016-05-12 19:32:50
IndoWorld,Default [ AXIATA ],Approved,None,2016-05-12 19:32:50
Innovative,Default [ AXIATA ],Approved,None,2016-05-12 19:32:50
InnovativeJ,Default [ AXIATA ],Approved,None,2016-05-12 19:32:50
InterLink,Default [ AXIATA ],Approved,None,2016-05-12 19:32:50
Islington,Default [ AXIATA ],Approved,None,2016-05-12 19:32:50
ISSN,Default [ AXIATA ],Approved,None,2016-05-12 19:32:50
EastWest,Default [ AXIATA ],Approved,None,2016-05-12 19:32:50
Janashakti,Default [ AXIATA ],Approved,None,2016-05-12 19:32:50
JanataEdu,Default [ AXIATA ],Approved,None,2016-05-12 19:32:50
JBRasso,Default [ AXIATA ],Approved,None,2016-05-12 19:32:50
Jmaitidevi,Default [ AXIATA ],Approved,None,2016-05-12 19:32:50
JobsGlobal,Default [ AXIATA ],Approved,None,2016-05-12 19:32:50
JobsSearch,Default [ AXIATA ],Approved,None,2016-05-12 19:32:50
Jplacement,Default [ AXIATA ],Approved,None,2016-05-12 19:32:50
KabeliHR,Default [ AXIATA ],Approved,None,2016-05-12 19:32:50
KailashIntl,Default [ AXIATA ],Approved,None,2016-05-12 19:32:50
Kandyy,Default [ AXIATA ],Approved,None,2016-05-12 19:32:50
KCC,Default [ AXIATA ],Approved,None,2016-05-12 19:32:50
KhumbuOvs,Default [ AXIATA ],Approved,None,2016-05-12 19:32:50
Komalintl,Default [ AXIATA ],Approved,None,2016-05-12 19:32:50
KtmAllaince,Default [ AXIATA ],Approved,None,2016-05-12 19:32:50
KumariJLC,Default [ AXIATA ],Approved,None,2016-05-12 19:32:50
LalDhanus,Default [ AXIATA ],Approved,None,2016-05-12 19:32:50
LaxmiEdu,Default [ AXIATA ],Approved,None,2016-05-12 19:32:50
LeninSky,Default [ AXIATA ],Approved,None,2016-05-12 19:32:50
LifeLineOvs,Default [ AXIATA ],Approved,None,2016-05-12 19:32:50
LittleStar,Default [ AXIATA ],Approved,None,2016-05-12 19:32:50
LonelyP,Default [ AXIATA ],Approved,None,2016-05-12 19:32:50
LuckyTravel,Default [ AXIATA ],Approved,None,2016-05-12 19:32:50
LumbiniD,Default [ AXIATA ],Approved,None,2016-05-12 19:32:50
MaaPadma,Default [ AXIATA ],Approved,None,2016-05-12 19:32:50
Manabu,Default [ AXIATA ],Approved,None,2016-05-12 19:32:50
Manjushree,Default [ AXIATA ],Approved,None,2016-05-12 19:32:50
ManjushreeO,Default [ AXIATA ],Approved,None,2016-05-12 19:32:50
Marvelous,Default [ AXIATA ],Approved,None,2016-05-12 19:32:50
MayEdu,Default [ AXIATA ],Approved,None,2016-05-12 19:32:50
MBKoverseas,Default [ AXIATA ],Approved,None,2016-05-12 19:32:50
MDoverseas,Default [ AXIATA ],Approved,None,2016-05-12 19:32:50
MercyEdu,Default [ AXIATA ],Approved,None,2016-05-12 19:32:50
MiddleEast,Default [ AXIATA ],Approved,None,2016-05-12 19:32:50
MiddleOrbit,Default [ AXIATA ],Approved,None,2016-05-12 19:32:50
MihonJLS,Default [ AXIATA ],Approved,None,2016-05-12 19:32:50
MimosaOvs,Default [ AXIATA ],Approved,None,2016-05-12 19:32:50
MiracleInfo,Default [ AXIATA ],Approved,None,2016-05-12 19:32:50
MoonLight,Default [ AXIATA ],Approved,None,2016-05-12 19:32:50
MtManaslu,Default [ AXIATA ],Approved,None,2016-05-12 19:32:50
Mughalintl,Default [ AXIATA ],Approved,None,2016-05-12 19:32:50
MyZeilEdu,Default [ AXIATA ],Approved,None,2016-05-12 19:32:50
NDFEEF,Default [ AXIATA ],Approved,None,2016-05-12 19:32:50
NeedEmp,Default [ AXIATA ],Approved,None,2016-05-12 19:32:50
Nepaaru,Default [ AXIATA ],Approved,None,2016-05-12 19:32:50
NepalEdu,Default [ AXIATA ],Approved,None,2016-05-12 19:32:50
NepalRS,Default [ AXIATA ],Approved,None,2016-05-12 19:32:50
NewBluestar,Default [ AXIATA ],Approved,None,2016-05-12 19:32:50
NikhilJob,Default [ AXIATA ],Approved,None,2016-05-12 19:32:50
NikkoJLS,Default [ AXIATA ],Approved,None,2016-05-12 19:32:50
NileIntl,Default [ AXIATA ],Approved,None,2016-05-12 19:32:50
NishanRS,Default [ AXIATA ],Approved,None,2016-05-12 19:32:50
NovaIntl,Default [ AXIATA ],Approved,None,2016-05-12 19:32:50
OneUp,Default [ AXIATA ],Approved,None,2016-05-12 19:32:50
OpenVision,Default [ AXIATA ],Approved,None,2016-05-12 19:32:50
OperaEdu,Default [ AXIATA ],Approved,None,2016-05-12 19:32:50
OscarIntl,Default [ AXIATA ],Approved,None,2016-05-12 19:32:50
Oshin,Default [ AXIATA ],Approved,None,2016-05-12 19:32:50
OurDestiny,Default [ AXIATA ],Approved,None,2016-05-12 19:32:50
OxfordMgmt,Default [ AXIATA ],Approved,None,2016-05-12 19:32:50
PacificOvs,Default [ AXIATA ],Approved,None,2016-05-12 19:32:50
PalhiOvs,Default [ AXIATA ],Approved,None,2016-05-12 19:32:50
PangeniHR,Default [ AXIATA ],Approved,None,2016-05-12 19:32:50
Pathibhara,Default [ AXIATA ],Approved,None,2016-05-12 19:32:50
Paurakhi,Default [ AXIATA ],Approved,None,2016-05-12 19:32:50
Peaceful,Default [ AXIATA ],Approved,None,2016-05-12 19:32:50
PerfectDest,Default [ AXIATA ],Approved,None,2016-05-12 19:32:50
PratigyaMS,Default [ AXIATA ],Approved,None,2016-05-12 19:32:50
Premium,Default [ AXIATA ],Approved,None,2016-05-12 19:32:50
Raffels,Default [ AXIATA ],Approved,None,2016-05-12 19:32:50
RealR,Default [ AXIATA ],Approved,None,2016-05-12 19:32:50
RealRd,Default [ AXIATA ],Approved,None,2016-05-12 19:32:50
RightWay,Default [ AXIATA ],Approved,None,2016-05-12 19:32:50
RolexR,Default [ AXIATA ],Approved,None,2016-05-12 19:32:50
RolexHR,Default [ AXIATA ],Approved,None,2016-05-12 19:32:50
RoseEmp,Default [ AXIATA ],Approved,None,2016-05-12 19:32:50
RoyalG,Default [ AXIATA ],Approved,None,2016-05-12 19:32:50
SafeIntl,Default [ AXIATA ],Approved,None,2016-05-12 19:32:50
Sagarmatha,Default [ AXIATA ],Approved,None,2016-05-12 19:32:50
SamadOvs,Default [ AXIATA ],Approved,None,2016-05-12 19:32:50
SaudiNepal,Default [ AXIATA ],Approved,None,2016-05-12 19:32:50
SCCManpower,Default [ AXIATA ],Approved,None,2016-05-12 19:32:50
SevillaEdu,Default [ AXIATA ],Approved,None,2016-05-12 19:32:50
SherpaIntl,Default [ AXIATA ],Approved,None,2016-05-12 19:32:50
SimanaIntl,Default [ AXIATA ],Approved,None,2016-05-12 19:32:50
SimrikIntl,Default [ AXIATA ],Approved,None,2016-05-12 19:32:50
SJLC,Default [ AXIATA ],Approved,None,2016-05-12 19:32:50
SLDintl,Default [ AXIATA ],Approved,None,2016-05-12 19:32:50
SuccessLife,Default [ AXIATA ],Approved,None,2016-05-12 19:32:50
SodhPuch,Default [ AXIATA ],Approved,None,2016-05-12 19:32:50
SouthAsian,Default [ AXIATA ],Approved,None,2016-05-12 19:32:50
Demand,Default [ AXIATA ],Approved,None,2016-05-12 19:32:50
SpeedIntl,Default [ AXIATA ],Approved,None,2016-05-12 19:32:50
StarIntl,Default [ AXIATA ],Approved,None,2016-05-12 19:32:50
SubashVA,Default [ AXIATA ],Approved,None,2016-05-12 19:32:50
SuccessN,Default [ AXIATA ],Approved,None,2016-05-12 19:32:50
SumanHR,Default [ AXIATA ],Approved,None,2016-05-12 19:32:50
SunauloIntl,Default [ AXIATA ],Approved,None,2016-05-12 19:32:50
SwiftGorkha,Default [ AXIATA ],Approved,None,2016-05-12 19:32:50
SynnetIntl,Default [ AXIATA ],Approved,None,2016-05-12 19:32:50
ThirdEye,Default [ AXIATA ],Approved,None,2016-05-12 19:32:50
TripleStar,Default [ AXIATA ],Approved,None,2016-05-12 19:32:50
TripsOut,Default [ AXIATA ],Approved,None,2016-05-12 19:32:50
TulsiOvs,Default [ AXIATA ],Approved,None,2016-05-12 19:32:50
UniversalT,Default [ AXIATA ],Approved,None,2016-05-12 19:32:50
ValorInt,Default [ AXIATA ],Approved,None,2016-05-12 19:32:50
VeryBest,Default [ AXIATA ],Approved,None,2016-05-12 19:32:50
WelCare,Default [ AXIATA ],Approved,None,2016-05-12 19:32:50
WideRange,Default [ AXIATA ],Approved,None,2016-05-12 19:32:50
WOWconsult,Default [ AXIATA ],Approved,None,2016-05-12 19:32:50
ZenIntl,Default [ AXIATA ],Approved,None,2016-05-12 19:32:50
NamoBuddha,Default [ AXIATA ],Approved,None,2016-05-12 19:32:50
TANANICO,Default [ AXIATA ],Approved,None,2016-05-12 19:32:50
SHANKHADHAR,Default [ AXIATA ],Approved,None,2016-05-12 19:32:50
BSoverseas,Default [ AXIATA ],Approved,None,2016-05-12 19:32:50
Simana,Default [ AXIATA ],Approved,None,2016-05-12 19:32:50
KarmaIntl,Default [ AXIATA ],Approved,None,2016-05-12 19:32:50
AlVision,Default [ AXIATA ],Approved,None,2016-05-12 19:32:50
TopJobs,Default [ AXIATA ],Approved,None,2016-05-12 19:32:50
TIAschool,Default [ AXIATA ],Approved,None,2016-05-12 19:32:50
FSINepal,Default [ AXIATA ],Approved,None,2016-05-12 19:32:50
SVassociate,Default [ AXIATA ],Approved,None,2016-05-12 19:32:50
BalBatika,Default [ AXIATA ],Approved,None,2016-05-12 19:32:50
EuroAsia,Default [ AXIATA ],Approved,None,2016-05-12 19:32:50
Sadiksha,Default [ AXIATA ],Approved,None,2016-05-12 19:32:50
NBSoverseas,Default [ AXIATA ],Approved,None,2016-05-12 19:32:50
JDcareer,Default [ AXIATA ],Approved,None,2016-05-12 19:32:50
UTC,Default [ AXIATA ],Approved,None,2016-05-12 19:32:50
GMservices,Default [ AXIATA ],Approved,None,2016-05-12 19:32:50
AirHostess,Default [ AXIATA ],Approved,None,2016-05-12 19:32:50
Aakarshan,Default [ AXIATA ],Approved,None,2016-05-12 19:32:50
MidTown,Default [ AXIATA ],Approved,None,2016-05-12 19:32:50
WhiteHorse,Default [ AXIATA ],Approved,None,2016-05-12 19:32:50
SubashHuman,Default [ AXIATA ],Approved,None,2016-05-12 19:32:50
AdventureHR,Default [ AXIATA ],Approved,None,2016-05-12 19:32:50
FamousHR,Default [ AXIATA ],Approved,None,2016-05-12 19:32:50
SPMoverseas,Default [ AXIATA ],Approved,None,2016-05-12 19:32:50
PeaceNepal,Default [ AXIATA ],Approved,None,2016-05-12 19:32:50
KshitijEmp,Default [ AXIATA ],Approved,None,2016-05-12 19:32:50
SABintl,Default [ AXIATA ],Approved,None,2016-05-12 19:32:50
Western,Default [ AXIATA ],Approved,None,2016-05-12 19:32:50
NepalGetway,Default [ AXIATA ],Approved,None,2016-05-12 19:32:50
KIHM,Default [ AXIATA ],Approved,None,2016-05-12 19:32:50
Negi,Default [ AXIATA ],Approved,None,2016-05-12 19:32:50
BCNepal,Default [ AXIATA ],Approved,None,2016-05-12 19:32:50
CkjNepal,Default [ AXIATA ],Approved,None,2016-05-12 19:32:50
Hilltake,Default [ AXIATA ],Approved,None,2016-05-12 19:32:50
CHANDRAGIRI,Default [ AXIATA ],Approved,None,2016-05-12 19:32:50
MettaIntl,Default [ AXIATA ],Approved,None,2016-05-12 19:32:50
Raffles,Default [ AXIATA ],Approved,None,2016-05-12 19:32:50
CPNUML,Default [ AXIATA ],Approved,None,2016-05-12 19:32:50
KapeelManpr,Default [ AXIATA ],Approved,None,2016-05-12 19:32:50
ASHRAM,Default [ AXIATA ],Approved,None,2016-05-12 19:32:50
KarnaliOVS,Default [ AXIATA ],Approved,None,2016-05-12 19:32:50
Nepolian,Default [ AXIATA ],Approved,None,2016-05-12 19:32:50
IPS,Default [ AXIATA ],Approved,None,2016-05-12 19:32:50
TheRiver,Default [ AXIATA ],Approved,None,2016-05-12 19:32:50
YajGulf,Default [ AXIATA ],Approved,None,2016-05-12 19:32:50
KPIntl,Default [ AXIATA ],Approved,None,2016-05-12 19:32:50
Kantipur,Default [ AXIATA ],Approved,None,2016-05-12 19:32:50
Achieve,Default [ AXIATA ],Approved,None,2016-05-12 19:32:50
NCFemp,Default [ AXIATA ],Approved,None,2016-05-12 19:32:50
ECS,Default [ AXIATA ],Approved,None,2016-05-12 19:32:50
Pioneer,Default [ AXIATA ],Approved,None,2016-05-12 19:32:50
Sungava,Default [ AXIATA ],Approved,None,2016-05-12 19:32:50
OmShree,Default [ AXIATA ],Approved,None,2016-05-12 19:32:50
SunMoon,Default [ AXIATA ],Approved,None,2016-05-12 19:32:50
GorkhaNepal,Default [ AXIATA ],Approved,None,2016-05-12 19:32:50
SanaaIntl,Default [ AXIATA ],Approved,None,2016-05-12 19:32:50
APoverseas,Default [ AXIATA ],Approved,None,2016-05-12 19:32:50
SaudiNepal,Default [ AXIATA ],Approved,None,2016-05-12 19:32:50
Anjulima,Default [ AXIATA ],Approved,None,2016-05-12 19:32:50
BlueOcean,Default [ AXIATA ],Approved,None,2016-05-12 19:32:50
Honesty,Default [ AXIATA ],Approved,None,2016-05-12 19:32:50
Signalintl,Default [ AXIATA ],Approved,None,2016-05-12 19:32:50
AjeetGlobal,Default [ AXIATA ],Approved,None,2016-05-12 19:32:50
EliteHR,Default [ AXIATA ],Approved,None,2016-05-12 19:32:50
JBC,Default [ AXIATA ],Approved,None,2016-05-12 19:32:50
WorldView,Default [ AXIATA ],Approved,None,2016-05-12 19:32:50
Skyline,Default [ AXIATA ],Approved,None,2016-05-12 19:32:50
SufiIntl,Default [ AXIATA ],Approved,None,2016-05-12 19:32:50
WorldLinkHR,Default [ AXIATA ],Approved,None,2016-05-12 19:32:50
Global,Default [ AXIATA ],Approved,None,2016-05-12 19:32:50
WorldLinkHR,Default [ AXIATA ],Approved,None,2016-05-12 19:32:50
NamasteAuto,Default [ AXIATA ],Approved,None,2016-05-12 19:32:50
HimalayanHR,Default [ AXIATA ],Approved,None,2016-05-12 19:32:50
KumariJLS,Default [ AXIATA ],Approved,None,2016-05-12 19:32:50
LRIschool,Default [ AXIATA ],Approved,None,2016-05-12 19:32:50
Millennium,Default [ AXIATA ],Approved,None,2016-05-12 19:32:50
JYC,Default [ AXIATA ],Approved,None,2016-05-12 19:32:50
Trendway,Default [ AXIATA ],Approved,None,2016-05-12 19:32:50
DialaDriver,Default [ AXIATA ],Approved,None,2016-05-12 19:32:50
ReazFarah,Default [ AXIATA ],Approved,None,2016-05-12 19:32:50
QualityIntl,Default [ AXIATA ],Approved,None,2016-05-12 19:32:50
RasByaSaNBA,Default [ AXIATA ],Approved,None,2016-05-12 19:32:50
ManavAC,Default [ AXIATA ],Approved,None,2016-05-12 19:32:50
GandakiOvs,Default [ AXIATA ],Approved,None,2016-05-12 19:32:50
SUMERU,Default [ AXIATA ],Approved,None,2016-05-12 19:32:50
TMCCK,Default [ AXIATA ],Approved,None,2016-05-12 19:32:50
Aakarshan,Default [ AXIATA ],Approved,None,2016-05-12 19:32:50
NRMSDP,Default [ AXIATA ],Approved,None,2016-05-12 19:32:50
DHLsamajKTM,Default [ AXIATA ],Approved,None,2016-05-12 19:32:50
SunkoshiHR,Default [ AXIATA ],Approved,None,2016-05-12 19:32:50
MatesEdu,Default [ AXIATA ],Approved,None,2016-05-12 19:32:50
LAGOSIDA,Default [ AXIATA ],Approved,None,2016-05-12 19:32:50
SMS,Default [ AXIATA ],Approved,None,2016-05-12 19:32:50
FCAN,Default [ AXIATA ],Approved,None,2016-05-12 19:32:50
FHAN,Default [ AXIATA ],Approved,None,2016-05-12 19:32:50
CCIA,Default [ AXIATA ],Approved,None,2016-05-12 19:32:50
KEBSAcademy,Default [ AXIATA ],Approved,None,2016-05-12 19:32:50
WAHAA,Default [ AXIATA ],Approved,None,2016-05-12 19:32:50
ShangriLa,Default [ AXIATA ],Approved,None,2016-05-12 19:32:50
KLCEdu,Default [ AXIATA ],Approved,None,2016-05-12 19:32:50
TejandKaran,Default [ AXIATA ],Approved,None,2016-05-12 19:32:50
DanfeStore,Default [ AXIATA ],Approved,None,2016-05-12 19:32:50
JJCCS,Default [ AXIATA ],Approved,None,2016-05-12 19:32:50
YaleEdu,Default [ AXIATA ],Approved,None,2016-05-12 19:32:50
SumnimaSCC,Default [ AXIATA ],Approved,None,2016-05-12 19:32:50
CityEdu,Default [ AXIATA ],Approved,None,2016-05-12 19:32:50
KhwopaHSS,Default [ AXIATA ],Approved,None,2016-05-12 19:32:50
KSAIntl,Default [ AXIATA ],Approved,None,2016-05-12 19:32:50
MatesEdu,Default [ AXIATA ],Approved,None,2016-05-12 19:32:50
FCAN,Default [ AXIATA ],Approved,None,2016-05-12 19:32:50
FHAN,Default [ AXIATA ],Approved,None,2016-05-12 19:32:50
CCIA,Default [ AXIATA ],Approved,None,2016-05-12 19:32:50
MOTIF,Default [ AXIATA ],Approved,None,2016-05-12 19:32:50
KEBSAcademy,Default [ AXIATA ],Approved,None,2016-05-12 19:32:50
WAHAA,Default [ AXIATA ],Approved,None,2016-05-12 19:32:50
SUZUKI,Default [ AXIATA ],Approved,None,2016-05-12 19:32:50
ShermanAuto,Default [ AXIATA ],Approved,None,2016-05-12 19:32:50
NPABSON,Default [ AXIATA ],Approved,None,2016-05-12 19:32:50
RHESC,Default [ AXIATA ],Approved,None,2016-05-12 19:32:50
WAHAA,Default [ AXIATA ],Approved,None,2016-05-12 19:32:50
Jasmine,Default [ AXIATA ],Approved,None,2016-05-12 19:32:50
ArunimaCoop,Default [ AXIATA ],Approved,None,2016-05-12 19:32:50
AllNepalCol,Default [ AXIATA ],Approved,None,2016-05-12 19:32:50
Montessori,Default [ AXIATA ],Approved,None,2016-05-12 19:32:50
Edutech,Default [ AXIATA ],Approved,None,2016-05-12 19:32:50
FutureStar,Default [ AXIATA ],Approved,None,2016-05-12 19:32:50
BalAnkur,Default [ AXIATA ],Approved,None,2016-05-12 19:32:50
Ekta,Default [ AXIATA ],Approved,None,2016-05-12 19:32:50
Welhams,Default [ AXIATA ],Approved,None,2016-05-12 19:32:50
Nagarjun,Default [ AXIATA ],Approved,None,2016-05-12 19:32:50
DDSECURITY,Default [ AXIATA ],Approved,None,2016-05-12 19:32:50
Brihaspati,Default [ AXIATA ],Approved,None,2016-05-12 19:32:50
WendyHouse,Default [ AXIATA ],Approved,None,2016-05-12 19:32:50
Kinderpilar,Default [ AXIATA ],Approved,None,2016-05-12 19:32:50
Kopila,Default [ AXIATA ],Approved,None,2016-05-12 19:32:50
SGOS,Default [ AXIATA ],Approved,None,2016-05-12 19:32:50
Miracle,Default [ AXIATA ],Approved,None,2016-05-12 19:32:50
ChaturSCCL,Default [ AXIATA ],Approved,None,2016-05-12 19:32:50
VishwasOvs,Default [ AXIATA ],Approved,None,2016-05-12 19:32:50
LAOLalitpur,Default [ AXIATA ],Approved,None,2016-05-12 19:32:50
LittleWorld,Default [ AXIATA ],Approved,None,2016-05-12 19:32:50
NeoSaving,Default [ AXIATA ],Approved,None,2016-05-12 19:32:50
RKevents,Default [ AXIATA ],Approved,None,2016-05-12 19:32:50
MadiraSaLpt,Default [ AXIATA ],Approved,None,2016-05-12 19:32:50
GreenArts,Default [ AXIATA ],Approved,None,2016-05-12 19:32:50
IDBNepal,Default [ AXIATA ],Approved,None,2016-05-12 19:32:50
BagmatiHSS,Default [ AXIATA ],Approved,None,2016-05-12 19:32:50
PalhiOvs,Default [ AXIATA ],Approved,None,2016-05-12 19:32:50
TalentOvs,Default [ AXIATA ],Approved,None,2016-05-12 19:32:50
ManasluIntl,Default [ AXIATA ],Approved,None,2016-05-12 19:32:50
Kasthmandap,Default [ AXIATA ],Approved,None,2016-05-12 19:32:50
BREINS,Default [ AXIATA ],Approved,None,2016-05-12 19:32:50
LumbiniColl,Default [ AXIATA ],Approved,None,2016-05-12 19:32:50
NepalETrans,Default [ AXIATA ],Approved,None,2016-05-12 19:32:50
IST,Default [ AXIATA ],Approved,None,2016-05-12 19:32:50
YAMAHA,Default [ AXIATA ],Approved,None,2016-05-12 19:32:50
LICAGENCY,Default [ AXIATA ],Approved,None,2016-05-12 19:32:50
BajraIntl,Default [ AXIATA ],Approved,None,2016-05-12 19:32:50
YARISAuto,Default [ AXIATA ],Approved,None,2016-05-12 19:32:50
Tapeshwori,Default [ AXIATA ],Approved,None,2016-05-12 19:32:50
Nikarus,Default [ AXIATA ],Approved,None,2016-05-12 19:32:50
BIZCONCEPTS,Default [ AXIATA ],Approved,None,2016-05-12 19:32:50
LEDHOUSE,Default [ AXIATA ],Approved,None,2016-05-12 19:32:50
PREMIER,Default [ AXIATA ],Approved,None,2016-05-12 19:32:50
YoungTravel,Default [ AXIATA ],Approved,None,2016-05-12 19:32:50
Gixxer,Default [ AXIATA ],Approved,None,2016-05-12 19:32:50
GARAGE,Default [ AXIATA ],Approved,None,2016-05-12 19:32:50
HIGHWAY,Default [ AXIATA ],Approved,None,2016-05-12 19:32:50
RIA,Default [ AXIATA ],Approved,None,2016-05-12 23:37:06
GIT,Default [ AXIATA ],Approved,None,2016-05-12 23:50:49
Information,Default [ AXIATA ],Approved,None,2016-05-12 23:52:35
Padmashree,Default [ AXIATA ],Approved,None,2016-05-13 12:10:07
Merryland,Default [ AXIATA ],Approved,None,2016-05-13 12:11:30
KrishnaBotk,Default [ AXIATA ],Approved,None,2016-05-16 15:49:37
NaukriNepal,Default [ AXIATA ],Approved,None,2016-05-17 15:14:37
KANTIPUR,Default [ AXIATA ],Approved,None,2016-05-22 19:12:34
IKG,Default [ AXIATA ],Approved,None,2016-05-29 17:27:21
SaraLink,Default [ AXIATA ],Approved,None,2016-05-29 17:27:36
BPSS,Default [ AXIATA ],Approved,None,2016-05-29 17:27:53
Sinchahity,Default [ AXIATA ],Approved,None,2016-05-29 17:28:57
NovaEdu,Default [ AXIATA ],Approved,None,2016-05-29 17:29:31
Shift,Default [ AXIATA ],Approved,None,2016-05-29 17:29:46
HideandSeek,Default [ AXIATA ],Approved,None,2016-05-29 17:30:02
ePlanetEdu,Default [ AXIATA ],Approved,None,2016-05-29 17:30:17
NAMICollege,Default [ AXIATA ],Approved,None,2016-05-29 17:30:31
GEMSSchool,Default [ AXIATA ],Approved,None,2016-05-29 17:30:48
Sanskriti,Default [ AXIATA ],Approved,None,2016-05-29 17:31:05
PragyaEdu,Default [ AXIATA ],Approved,None,2016-05-29 17:31:20
KiddySthan,Default [ AXIATA ],Approved,None,2016-05-29 17:31:33
Somang,Default [ AXIATA ],Approved,None,2016-05-29 17:31:49
Prithwi,Default [ AXIATA ],Approved,None,2016-05-29 17:32:02
Supreme,Default [ AXIATA ],Approved,None,2016-05-29 17:32:19
CodeManpowr,Default [ AXIATA ],Approved,None,2016-05-29 17:33:22
GIT,Default [ AXIATA ],Approved,None,2016-05-29 17:34:20
LoyolaHSS,Default [ AXIATA ],Approved,None,2016-06-10 12:24:11
Crofts,Default [ AXIATA ],Approved,None,2016-06-10 12:24:36
DreamIntl,Default [ AXIATA ],Approved,None,2016-06-10 12:26:47
Sanskar,Default [ AXIATA ],Approved,None,2016-06-10 12:27:06
Lagansheel,Default [ AXIATA ],Approved,None,2016-06-10 12:27:27
HamroM,Default [ AXIATA ],Approved,None,2016-06-21 16:37:51
NovaIntl,Default [ AXIATA ],Approved,None,2016-06-21 16:38:10
Disneyland,Default [ AXIATA ],Approved,None,2016-06-21 16:38:28
NEACollege,Default [ AXIATA ],Approved,None,2016-06-21 16:38:44
Laligurans,Default [ AXIATA ],Approved,None,2016-06-21 16:38:59
LCIKtmIdeal,Default [ AXIATA ],Approved,None,2016-06-21 16:39:18
AmardeepSS,Default [ AXIATA ],Approved,None,2016-06-21 16:39:33
GrammarHSS,Default [ AXIATA ],Approved,None,2016-06-21 16:39:48
SadhanaKala,Default [ AXIATA ],Approved,None,2016-06-21 16:40:05
SatyamIntl,Default [ AXIATA ],Approved,None,2016-06-21 16:40:20
BBHS,Default [ AXIATA ],Approved,None,2016-06-21 16:40:33
Gargacharya,Default [ AXIATA ],Approved,None,2016-06-21 16:40:47
RealkidsHom,Default [ AXIATA ],Approved,None,2016-06-21 16:41:01
RES,Default [ AXIATA ],Approved,None,2016-06-21 16:41:14
PatanNist,Default [ AXIATA ],Approved,None,2016-06-21 16:41:25
BalChautara,Default [ AXIATA ],Approved,None,2016-07-03 19:50:43
Mukul,Default [ AXIATA ],Approved,None,2016-07-03 19:54:18
HamroNamuna,Default [ AXIATA ],Approved,None,2016-07-03 19:54:45
FCAN,Default [ AXIATA ],Approved,None,2016-07-03 19:54:59
Shatakshee,Default [ AXIATA ],Approved,None,2016-07-03 19:56:01
GyanNiketan,Default [ AXIATA ],Approved,None,2016-07-03 19:56:33
BalBidhya,Default [ AXIATA ],Approved,None,2016-07-03 19:56:50
SpringTree,Default [ AXIATA ],Approved,None,2016-07-03 19:59:46
HGI,Default [ AXIATA ],Approved,None,2016-07-28 13:31:46
NCMTCollege,Default [ AXIATA ],Approved,None,2016-07-28 13:32:09
Siddhi,Default [ AXIATA ],Approved,None,2016-07-28 13:32:26
VIEC,Default [ AXIATA ],Approved,None,2016-08-14 19:27:40
ACME,Default [ AXIATA ],Approved,None,2016-08-14 19:27:51
ValleyView,Default [ AXIATA ],Approved,None,2016-08-14 19:28:09
NAAS,Default [ AXIATA ],Approved,None,2016-08-14 19:28:42
Herald,Default [ AXIATA ],Approved,None,2016-08-14 19:29:05
SaugaatM,Default [ AXIATA ],Approved,None,2016-08-14 19:29:18
Shikhar,Default [ AXIATA ],Approved,None,2016-08-14 19:29:37
AshfordIntl,Default [ AXIATA ],Approved,None,2016-08-14 19:29:45
Araniko,Default [ AXIATA ],Approved,None,2016-08-14 19:30:00
Classic,Default [ AXIATA ],Approved,None,2016-08-14 19:30:07
RedVelvet,Default [ AXIATA ],Approved,None,2016-08-28 17:39:36
Norvic,Default [ AXIATA ],Approved,None,2016-08-28 17:40:00
AayamSaccos,Default [ AXIATA ],Approved,None,2016-08-28 17:40:28
KohinoorPly,Default [ AXIATA ],Approved,None,2016-08-28 17:41:28
ShitalSacos,Default [ AXIATA ],Approved,None,2016-08-28 17:42:04
GulfHorizon,Default [ AXIATA ],Approved,None,2016-08-30 15:25:55
OHC,Default [ AXIATA ],Approved,None,2016-09-05 16:53:35
Kalwar,Default [ AXIATA ],Approved,None,2016-09-05 16:54:20
TeacherAsso,Default [ AXIATA ],Approved,None,2016-11-06 16:44:22
Ashirvad,Default [ AXIATA ],Approved,None,2016-11-06 17:21:28
Gulmeshwor,Default [ AXIATA ],Approved,None,2016-11-06 17:21:40
Ambassador,Default [ AXIATA ],Approved,None,2016-11-06 17:22:00
Maria,Default [ AXIATA ],Approved,None,2016-11-06 17:22:14
MandM,Default [ AXIATA ],Approved,None,2016-11-06 17:22:28
Chanakya,Default [ AXIATA ],Approved,None,2016-11-06 17:23:04
Balkunj,Default [ AXIATA ],Approved,None,2016-11-06 17:23:19
Nirvana,Default [ AXIATA ],Approved,None,2016-11-06 17:23:30
Devdaha,Default [ AXIATA ],Approved,None,2016-11-06 17:24:04
ClickIntl,Default [ AXIATA ],Approved,None,2016-11-06 17:24:12
ArthaMCL,Default [ AXIATA ],Requested,None,2016-11-28 16:28:14
