Request By/Reseller Name,Sender ID,Description,Operator/Gateway,State,Date,Priority
Initiative Nepal Pvt. Ltd.[ Easy-reseller ],Onovato,Onovato Language Center Pvt.Ltd            ,Default [ AXIATA ],Requested,2017-02-25 12:15:37,Regular
Initiative Nepal Pvt. Ltd.[ Easy-reseller ],TripConcern,Trip Concern Pvt. Ltd.            ,Default [ AXIATA ],Requested,2017-02-23 12:36:44,Regular
Initiative Nepal Pvt. Ltd.[ Easy-reseller ],Mahindra,Mahindra Automobile Pvt. Ltd.    ,Default [ AXIATA ],Requested,2017-02-19 22:45:56,Regular
Initiative Nepal Pvt. Ltd.[ Easy-reseller ],AMAPhora,American Mission Association             ,Default [ AXIATA ],Requested,2017-02-25 12:14:53,Regular
Initiative Nepal Pvt. Ltd.[ Easy-reseller ],MAEPPvtLtd,Masters Academy Educations Park Pvt.Ltd.            ,Default [ AXIATA ],Requested,2017-02-25 12:21:05,Regular
Initiative Nepal Pvt. Ltd.[ Easy-reseller ],Synergy,Synergy Finance Ltd.,Default [ AXIATA ],Requested,2017-02-19 22:44:14,Regular
Idea-api[ Easy-reseller ],LMataSACCOS,Lohakilthali Mata Saving & Credit Cooperative Ltd.            ,Default [ AXIATA ],Requested,2017-03-01 20:14:48,Regular
E-prima Technology Pvt. Ltd.[ Easy-reseller ],TribeniSHS,Tribeni Sadan High School,Default [ AXIATA ],Requested,2017-02-17 13:37:07,Regular
E-prima Technology Pvt. Ltd.[ Easy-reseller ],GulfRecruit,Gulf Recruitment          ,Default [ AXIATA ],Requested,2017-03-17 15:25:09,Regular
E-prima Technology Pvt. Ltd.[ Easy-reseller ],WhiteGloves,White Gloves Intl Pvt Ltd            ,Default [ AXIATA ],Requested,2017-03-15 11:53:22,Regular
E-prima Technology Pvt. Ltd.[ Easy-reseller ],BhupuBESI, Bhupu Sainik          ,Default [ AXIATA ],Requested,2017-03-19 15:42:58,Regular
E-prima Technology Pvt. Ltd.[ Easy-reseller ],AakashInst,Alfa Beta Institute Itahari Center          ,Default [ AXIATA ],Requested,2017-03-15 15:21:11,Regular
E-prima Technology Pvt. Ltd.[ Easy-reseller ],NAZARETH,Nazareth School       ,Default [ AXIATA ],Requested,2017-03-02 10:21:01,Regular
E-prima Technology Pvt. Ltd.[ Easy-reseller ],CHINARI,Chinari Bachat Tatha Rin Sahakari Sastha       ,Default [ AXIATA ],Requested,2017-03-17 11:47:39,Regular
E-prima Technology Pvt. Ltd.[ Easy-reseller ],MoneyPlus,Money Plus Saving & Credit           ,Default [ AXIATA ],Requested,2017-03-05 12:23:45,Regular
E-prima Technology Pvt. Ltd.[ Easy-reseller ],SKBS, Shantikrishak Bahumukhi Sahakari        ,Default [ AXIATA ],Requested,2017-02-21 12:07:40,Regular
E-prima Technology Pvt. Ltd.[ Easy-reseller ],Nawaprabhat,Nawaprabhat Saving And Credit Cooperative Ltd.        ,Default [ AXIATA ],Requested,2017-02-17 13:36:00,Regular
E-prima Technology Pvt. Ltd.[ Easy-reseller ],Chitrawan,Chitrawan School         ,Default [ AXIATA ],Requested,2017-03-17 11:52:44,Regular
E-prima Technology Pvt. Ltd.[ Easy-reseller ],UBNKTM, UBN Kathmandu           ,Default [ AXIATA ],Requested,2017-02-21 12:15:41,Regular
E-prima Technology Pvt. Ltd.[ Easy-reseller ],Himali,Himali School     ,Default [ AXIATA ],Requested,2017-03-19 15:41:43,Regular
E-prima Technology Pvt. Ltd.[ Easy-reseller ],SmallHeaven,Small Heaven School       ,Default [ AXIATA ],Requested,2017-03-15 11:54:21,Regular
E-prima Technology Pvt. Ltd.[ Easy-reseller ],UttamSaccos,Uttam Saving & Credit       ,Default [ AXIATA ],Requested,2017-03-02 10:17:58,Regular
E-prima Technology Pvt. Ltd.[ Easy-reseller ],CBDDhan,Chaudhary Book Depot         ,Default [ AXIATA ],Requested,2017-02-27 12:53:34,Regular
E-prima Technology Pvt. Ltd.[ Easy-reseller ],GoldMart,Gold Mart Shopping.,Default [ AXIATA ],Requested,2017-02-23 13:31:33,Regular
E-prima Technology Pvt. Ltd.[ Easy-reseller ],NPLRC,National Path Lab & Research Center       ,Default [ AXIATA ],Requested,2017-03-05 12:22:15,Regular
E-prima Technology Pvt. Ltd.[ Easy-reseller ],TriveniOvss,Triveni Overseas Concern        ,Default [ AXIATA ],Requested,2017-03-17 11:49:36,Regular
E-prima Technology Pvt. Ltd.[ Easy-reseller ],AATHMAUJA,Aathmauja Saccos        ,Default [ AXIATA ],Requested,2017-02-21 12:13:10,Regular
Softlab Inc[ Easy-reseller ],Gurans,Gurans Childhood Academy            ,Default [ AXIATA ],Requested,2017-03-07 13:26:52,Regular
Softlab Inc[ Easy-reseller ],GEETA,Geeta Aviation Pvt. Ltd.            ,Default [ AXIATA ],Requested,2017-02-15 11:25:06,Regular
Softlab Inc[ Easy-reseller ],eSewaDang,  ESewaDang          ,Default [ AXIATA ],Requested,2017-02-21 21:39:09,Regular
Softlab Inc[ Easy-reseller ],ITSolutions,IT Solutions Pvt Ltd            ,Default [ AXIATA ],Requested,2017-03-01 20:43:07,Regular
Softlab Inc[ Easy-reseller ],BIS,Bageshwori Internet Solutions            ,Default [ AXIATA ],Requested,2017-03-07 15:18:49,Regular
Softlab Inc[ Easy-reseller ],TrishulBtm,Trishul Pharma            ,Default [ AXIATA ],Requested,2017-02-17 14:25:12,Regular
Softlab Inc[ Easy-reseller ],BestJobs,Best Jobs Pvt. Ltd.            ,Default [ AXIATA ],Requested,2017-02-26 09:03:50,Regular
Softlab Inc[ Easy-reseller ],BegnasBusS,Begnas Bus Sewa            ,Default [ AXIATA ],Requested,2017-02-16 12:24:30,Regular
Softlab Inc[ Easy-reseller ],JMBAS,Jay Maa Bageshwori Advertising Services            ,Default [ AXIATA ],Requested,2017-03-07 16:02:39,Regular
Softlab Inc[ Easy-reseller ],CES,CES School             ,Default [ AXIATA ],Requested,2017-02-17 08:25:18,Regular
Softlab Inc[ Easy-reseller ],GitsInfo,GitsInfo Pvt. Ltd            ,Default [ AXIATA ],Requested,2017-02-24 22:05:50,Regular
Softlab Inc[ Easy-reseller ],YamahaTKP,Janaki Traders And Suppliers            ,Default [ AXIATA ],Requested,2017-02-15 11:22:47,Regular
Softlab Inc[ Easy-reseller ],Sophia,Sophia Res. Eng. School            ,Default [ AXIATA ],Requested,2017-03-10 11:28:25,Regular
Softlab Inc[ Easy-reseller ],KartNepal,Kart Nepal Pvt Ltd           ,Default [ AXIATA ],Requested,2017-03-01 20:39:44,Regular
Softlab Inc[ Easy-reseller ],Techingen,Techingen Pvt. Ltd.            ,Default [ AXIATA ],Requested,2017-03-07 13:26:08,Regular
Softlab Inc[ Easy-reseller ],SA,Shuvakamana Academy            ,Default [ AXIATA ],Requested,2017-02-15 11:24:41,Regular
Softlab Inc[ Easy-reseller ],Zirvi,Zirvi International Pvt. Ltd.            ,Default [ AXIATA ],Requested,2017-03-14 09:45:10,Regular
Softlab Inc[ Easy-reseller ],Sashakta,Sashakta Institute.            ,Default [ AXIATA ],Requested,2017-03-01 20:42:34,Regular
Softlab Inc[ Easy-reseller ],Interface,Interface Education Center            ,Default [ AXIATA ],Requested,2017-03-07 13:40:26,Regular
Softlab Inc[ Easy-reseller ],NOBLEIT, Nobel IT Solution           ,Default [ AXIATA ],Requested,2017-02-17 14:24:45,Regular
Softlab Inc[ Easy-reseller ],SMTTU,Seti Mahakali Truck Yatayat Byawasayi Sangh            ,Default [ AXIATA ],Requested,2017-02-15 11:26:05,Regular
Softlab Inc[ Easy-reseller ],GITS,GITS Pvt. Ltd            ,Default [ AXIATA ],Requested,2017-02-22 15:05:53,Regular
Softlab Inc[ Easy-reseller ],MGU,Manakamana Gas Udyog Pvt. Ltd.            ,Default [ AXIATA ],Requested,2017-03-07 16:01:56,Regular
Softlab Inc[ Easy-reseller ],Shikshadeep,Shikshadeep School            ,Default [ AXIATA ],Requested,2017-02-16 15:45:13,Regular
Softlab Inc[ Easy-reseller ],Triveni,Triveni Byapar Company Pvt Ltd.            ,Default [ AXIATA ],Requested,2017-03-16 19:49:16,Regular
Softlab Inc[ Easy-reseller ],JSPSMS,JSP Technologies Pvt. Ltd.            ,Default [ AXIATA ],Requested,2017-02-15 11:22:15,Regular
Softlab Inc[ Easy-reseller ],SLTC,Super Link Technical College            ,Default [ AXIATA ],Requested,2017-03-10 11:27:14,Regular
Softlab Inc[ Easy-reseller ],NarendraBs, Narendra Bs Associates           ,Default [ AXIATA ],Requested,2017-02-20 12:09:42,Regular
Softlab Inc[ Easy-reseller ],GEETAAVI,Geeta Aviation Pvt. Ltd.            ,Default [ AXIATA ],Requested,2017-03-01 20:38:51,Regular
Softlab Inc[ Easy-reseller ],Munal,Munal English Boarding School            ,Default [ AXIATA ],Requested,2017-03-05 14:02:09,Regular
Softlab Inc[ Easy-reseller ],BalKDhakal,Bal K Dhakal Law Firm            ,Default [ AXIATA ],Requested,2017-02-17 11:21:27,Regular
Softlab Inc[ Easy-reseller ],SSVSS,Siddhi Vinayak Secondary School            ,Default [ AXIATA ],Requested,2017-02-24 22:06:41,Regular
Softlab Inc[ Easy-reseller ],DVSOP,Dream Vision School Of Pharsatikar            ,Default [ AXIATA ],Requested,2017-02-15 11:23:53,Regular
Softlab Inc[ Easy-reseller ],BSEMS,Bright Star E.M. School            ,Default [ AXIATA ],Requested,2017-03-10 11:29:03,Regular
Softlab Inc[ Easy-reseller ],Milestone,Milestone College            ,Default [ AXIATA ],Requested,2017-03-01 20:41:41,Regular
