Client ID,Group,User,Contact Person,Contact No.,Balance,Country,Status
2440,Client,Nepalgunj Gold & Silver Dealer's Association,Nepalgunj Gold & Silver Dealer's Association,00000,NTC : 9521 AXIATA : 8877,NP,Offline
2450,Client,Soham Trade & Center,Soham Trade & Center,9848427993,AXIATA : 1702 NTC : 1610,NP,Offline
2460,Client,Ashirbad Paints Pvt Ltd.,Ashirbad Paints Pvt. Ltd.,9858029131,NTC : 1262 AXIATA : 790,NP,Offline
2520,Client,Banke Bageshori College B.sc. Csit,Banke Bageshori College B.Sc. CSIT,9858028333,NTC : 5777 AXIATA : 2212,NP,Offline
