Client ID,Group,User,Contact Person,Contact No.,Balance,Country,Status
2670,Client,Ncda Bagmati ,Ncda Bagmati,,NTC : 2505 AXIATA : 4377,NP,Offline
2680,Client,Ncda Central,Ncda Central,,NTC : 1348 AXIATA : 1969,NP,Offline
2690,Client,Nimbus Hr Solutions Pvt.ltd.,Nimbus Hr Solutions,00000,NTC : 1500 AXIATA : 873,NP,Offline
2700,Client,Suprem It Solution Pvt. Ltd.,User,00000,NTC : 1495 AXIATA : 668,NP,Offline
2720,Client,Care Nepal,Care Nepal,00000,NTC : 3815 AXIATA : 3500,NP,Offline
2780,Client,Dreamland,Dreamland Gold Resort,9841614319,NTC : 4014 AXIATA : 3357,NP,Offline
2790,Client,Ngmc,Nepalgunj Medical College,00000,AXIATA : 1498 NTC : 1499,NP,Offline
2840,Client,DN International,Dhurba Joshi,00000,NTC : 5 AXIATA : 5,NP,Offline
2850,Client,Pearl Hr Pvt. Ltd.,Dhurba,00000,-----,NP,Offline
2860,Client,Pioneer,Dhurba,00000,-----,NP,Offline
2870,Client,Eim,Dhurba,00000,-----,NP,Offline
2880,Client,Google Overseas,Dhurba,00000,-----,NP,Offline
2890,Client,Nca,Dhurba,00000,NTC : 1424 AXIATA : 1942,NP,Offline
2900,Client,Balaji,Dhurba,00000,-----,NP,Offline
2910,Client,Kandyy.com,Dhurba,00000,-----,NP,Offline
2920,Client,Mangalam,Dhurba,00000,-----,NP,Offline
2930,Client,Deluxe Hr Solutions,Dhurba,00000,-----,NP,Offline
2940,Client,Umbrella,Dhurba,00000,-----,NP,Offline
3030,Client,Capital Saving ,Umesh Chand,9841471833,NTC : 1260 AXIATA : 230,NP,Offline
3040,Client,Sunshine Overseas Pvt. Ltd.,Sunshine,014468608,-----,NP,Offline
