Client ID,Group,User,Contact Person,Contact No.,Balance,Country,Status
3220,Client,Websoft It Nepal,Bhawesh Mandal,9842278940,-----,NP,Offline
3310,Client,24Nepal- Websoft IT,Bisho Tamang,9842278940,NTC : 10 AXIATA : 349,NP,Offline
3390,Client,Bhawesh,Bhawesh Mandal,73773773,NTC : 10 AXIATA : 2,NP,Offline
3400,Client,Namastesewaro Travels ,Dhanjit Limbu,9813434936,NTC : 152 AXIATA : 183,NP,Offline
3420,Client,District Agricultural Development Office  Morang, Nepal,Manoj Kumar Yadav,9852024046,NTC : 432 AXIATA : 31,NP,Offline
3440,Client,Radio Jhapa 100.7 Mhz,Ganesh Shivakoti,9810451515,-----,NP,Offline
3470,Client,Nepal Community,Akash Shrestha,9842206030,NTC : 496 AXIATA : 200,NP,Offline
