Client ID,Group,User,Contact Person,Contact No.,Balance,Country,Status
2440,Client,Nepalgunj Gold & Silver Dealer's Association,Nepalgunj Gold & Silver Dealer's Association,00000,NTC : 486 AXIATA : 1109,NP,Online
2450,Client,Soham Trade & Center,Soham Trade & Center,9848427993,AXIATA : 204 NTC : 307,NP,Offline
2460,Client,Ashirbad Paints Pvt Ltd.,Ashirbad Paints Pvt. Ltd.,9858029131,NTC : 1262 AXIATA : 1490,NP,Offline
2520,Client,Banke Bageshori College B.sc. Csit,Banke Bageshori College B.Sc. CSIT,9858028333,NTC : 4881 AXIATA : 569,NP,Offline
