Client ID,Group,User,Contact Person,Contact No.,Balance,Country,Status
2060,Client[Api],Initiative Nepal Pvt. Ltd.,Uday Raj Shiwakoti,9851096919,NTC : 29308 AXIATA : 5357,NP,Offline
2340,Client,Nepal Police,Rana Bahadur Chand,9851155467,NTC : 3441 AXIATA : 2861,NP,Offline
2400,Client,Nepal Group Of Companies Pvt. Ltd.,Rirajan Shah,9802826918,NTC : 3659 AXIATA : 4024,NP,Offline
2540,Client,Nepal Police,Jay Bahadur Chand,9851105835,NTC : 2000 AXIATA : 2000,NP,Offline
2570,Client,The Institute Of Chartered Accountants Of Nepal,Binod Neupane,9851001888,NTC : 7110 AXIATA : 841,NP,Offline
