Sender ID,Operator/Gateway,Description,State,Date
Default [ AXIATA ],Approved,None,2016-04-06 16:04:41
3Brothers,Default [ AXIATA ],Approved,None,2016-04-06 16:04:41
8DEGREES,Default [ AXIATA ],Approved,None,2016-04-06 16:04:41
a2z,Default [ AXIATA ],Approved,None,2016-04-06 16:04:41
Aabhash,Default [ AXIATA ],Approved,None,2016-04-06 16:04:41
AABHUSHAN,Default [ AXIATA ],Approved,None,2016-04-06 16:04:41
Aakarshan,Default [ AXIATA ],Approved,None,2016-04-06 16:04:41
AamaSaccos,Default [ AXIATA ],Approved,None,2016-04-06 16:04:41
Aamidaba,Default [ AXIATA ],Approved,None,2016-04-06 16:04:41
AasthaIntl,Default [ AXIATA ],Approved,None,2016-04-06 16:04:41
ABCDeInc,Default [ AXIATA ],Approved,None,2016-04-06 16:04:41
ACAN,Default [ AXIATA ],Approved,None,2016-04-06 16:04:41
AceMedia,Default [ AXIATA ],Approved,None,2016-04-06 16:04:41
AchyutRaj,Default [ AXIATA ],Approved,None,2016-04-06 16:04:41
acmenet,Default [ AXIATA ],Approved,None,2016-04-06 16:04:41
ACMESunwal,Default [ AXIATA ],Approved,None,2016-04-06 16:04:41
AcmeWIFI,Default [ AXIATA ],Approved,None,2016-04-06 16:04:41
ACP,Default [ AXIATA ],Approved,None,2016-04-06 16:04:41
ADEXPRESS,Default [ AXIATA ],Approved,None,2016-04-06 16:04:41
AdhunikAgro,Default [ AXIATA ],Approved,None,2016-04-06 16:04:41
Advance,Default [ AXIATA ],Approved,None,2016-04-06 16:04:41
AFFIX,Default [ AXIATA ],Approved,None,2016-04-06 16:04:41
AgonGuthi,Default [ AXIATA ],Approved,None,2016-04-06 16:04:41
AHT,Default [ AXIATA ],Approved,None,2016-04-06 16:04:41
AIASCHOOL,Default [ AXIATA ],Approved,None,2016-04-06 16:04:41
AIM,Default [ AXIATA ],Approved,None,2016-04-06 16:04:41
AIMS,Default [ AXIATA ],Approved,None,2016-04-06 16:04:41
AIP,Default [ AXIATA ],Approved,None,2016-04-06 16:04:41
AIRHOSTESS,Default [ AXIATA ],Approved,None,2016-04-06 16:04:41
AISchool,Default [ AXIATA ],Approved,None,2016-04-06 16:04:41
AKASH,Default [ AXIATA ],Approved,None,2016-04-06 16:04:41
ALFABETA,Default [ AXIATA ],Approved,None,2016-04-06 16:04:41
AliOverseas,Default [ AXIATA ],Approved,None,2016-04-06 16:04:41
AllCornice,Default [ AXIATA ],Approved,None,2016-04-06 16:04:41
ALLIANCEHR,Default [ AXIATA ],Approved,None,2016-04-06 16:04:41
AlMoonOvs,Default [ AXIATA ],Approved,None,2016-04-06 16:04:41
alnazma,Default [ AXIATA ],Approved,None,2016-04-06 16:04:41
AlphaSHRM,Default [ AXIATA ],Approved,None,2016-04-06 16:04:41
Alquraish,Default [ AXIATA ],Approved,None,2016-04-06 16:04:41
ALSAMIT,Default [ AXIATA ],Approved,None,2016-04-06 16:04:41
AlzarafaITR,Default [ AXIATA ],Approved,None,2016-04-06 16:04:41
Amadablam,Default [ AXIATA ],Approved,None,2016-04-06 16:04:41
Amity,Default [ AXIATA ],Approved,None,2016-04-06 16:04:41
ANGELS,Default [ AXIATA ],Approved,None,2016-04-06 16:04:41
ANILKRISHNA,Default [ AXIATA ],Approved,None,2016-04-06 16:04:41
ANJALIOVRS,Default [ AXIATA ],Approved,None,2016-04-06 16:04:41
AnmolJyoti,Default [ AXIATA ],Approved,None,2016-04-06 16:04:41
AnmolOvrs,Default [ AXIATA ],Approved,None,2016-04-06 16:04:41
AnnalJyoti,Default [ AXIATA ],Approved,None,2016-04-06 16:04:41
ANNAPURNA,Default [ AXIATA ],Approved,None,2016-04-06 16:04:41
AnsuNepal,Default [ AXIATA ],Approved,None,2016-04-06 16:04:41
ANUPAM,Default [ AXIATA ],Approved,None,2016-04-06 16:04:41
AOC,Default [ AXIATA ],Approved,None,2016-04-06 16:04:41
APEX,Default [ AXIATA ],Approved,None,2016-04-06 16:04:41
ApexCom,Default [ AXIATA ],Approved,None,2016-04-06 16:04:41
APOLLO,Default [ AXIATA ],Approved,None,2016-04-06 16:04:41
ARGON,Default [ AXIATA ],Approved,None,2016-04-06 16:04:41
ARJUN,Default [ AXIATA ],Approved,None,2016-04-06 16:04:41
ARMANNEPAL,Default [ AXIATA ],Approved,None,2016-04-06 16:04:41
Arniko,Default [ AXIATA ],Approved,None,2016-04-06 16:04:41
AroraHR,Default [ AXIATA ],Approved,None,2016-04-06 16:04:41
ArpanSaving,Default [ AXIATA ],Approved,None,2016-04-06 16:04:41
ArunimaEdu,Default [ AXIATA ],Approved,None,2016-04-06 16:04:41
ASHEEMAUTO,Default [ AXIATA ],Approved,None,2016-04-06 16:04:41
AsiaLink,Default [ AXIATA ],Approved,None,2016-04-06 16:04:41
Asmik,Default [ AXIATA ],Approved,None,2016-04-06 16:04:41
ASMITA,Default [ AXIATA ],Approved,None,2016-04-06 16:04:41
ATHARVA,Default [ AXIATA ],Approved,None,2016-04-06 16:04:41
AvatarHR,Default [ AXIATA ],Approved,None,2016-04-06 16:04:41
AWARDMAKER,Default [ AXIATA ],Approved,None,2016-04-06 16:04:41
AxisHRS,Default [ AXIATA ],Approved,None,2016-04-06 16:04:41
BabaEdCentr,Default [ AXIATA ],Approved,None,2016-04-06 16:04:41
BabaEducatn,Default [ AXIATA ],Approved,None,2016-04-06 16:04:41
BachatSangh,Default [ AXIATA ],Approved,None,2016-04-06 16:04:41
BadriGhimir,Default [ AXIATA ],Approved,None,2016-04-06 16:04:41
BaibhavOvs,Default [ AXIATA ],Approved,None,2016-04-06 16:04:41
BAJRANGBALI,Default [ AXIATA ],Approved,None,2016-04-06 16:04:41
Balvadra,Default [ AXIATA ],Approved,None,2016-04-06 16:04:41
BanepaNIST,Default [ AXIATA ],Approved,None,2016-04-06 16:04:41
BARAHA,Default [ AXIATA ],Approved,None,2016-04-06 16:04:41
BarshaTravl,Default [ AXIATA ],Approved,None,2016-04-06 16:04:41
Baylor,Default [ AXIATA ],Approved,None,2016-04-06 16:04:41
BCDL,Default [ AXIATA ],Approved,None,2016-04-06 16:04:41
BCECBANEPA,Default [ AXIATA ],Approved,None,2016-04-06 16:04:41
BDN,Default [ AXIATA ],Approved,None,2016-04-06 16:04:41
BechuGaud,Default [ AXIATA ],Approved,None,2016-04-06 16:04:41
BeingHuman,Default [ AXIATA ],Approved,None,2016-04-06 16:04:41
BENUSITAULA,Default [ AXIATA ],Approved,None,2016-04-06 16:04:41
BestWay,Default [ AXIATA ],Approved,None,2016-04-06 16:04:41
BETAIntl,Default [ AXIATA ],Approved,None,2016-04-06 16:04:41
Beyond,Default [ AXIATA ],Approved,None,2016-04-06 16:04:41
BHAKARI,Default [ AXIATA ],Approved,None,2016-04-06 16:04:41
BHARAT,Default [ AXIATA ],Approved,None,2016-04-06 16:04:41
BharatGiri,Default [ AXIATA ],Approved,None,2016-04-06 16:04:41
BharatpurES,Default [ AXIATA ],Approved,None,2016-04-06 16:04:41
BharatThapa,Default [ AXIATA ],Approved,None,2016-04-06 16:04:41
BHUMI,Default [ AXIATA ],Approved,None,2016-04-06 16:04:41
BIKASHPANTA,Default [ AXIATA ],Approved,None,2016-04-06 16:04:41
BikasSaccos,Default [ AXIATA ],Approved,None,2016-04-06 16:04:41
Binamay,Default [ AXIATA ],Approved,None,2016-04-06 16:04:41
Binod,Default [ AXIATA ],Approved,None,2016-04-06 16:04:41
Binodkhanal,Default [ AXIATA ],Approved,None,2016-04-06 16:04:41
BINODPOKHRE,Default [ AXIATA ],Approved,None,2016-04-06 16:04:41
BINODRIJAL,Default [ AXIATA ],Approved,None,2016-04-06 16:04:41
BiratHealth,Default [ AXIATA ],Approved,None,2016-04-06 16:04:41
BishnuHari,Default [ AXIATA ],Approved,None,2016-04-06 16:04:41
BlueIceTech,Default [ AXIATA ],Approved,None,2016-04-06 16:04:41
BlueSky,Default [ AXIATA ],Approved,None,2016-04-06 16:04:41
BMC,Default [ AXIATA ],Approved,None,2016-04-06 16:04:41
BMCS,Default [ AXIATA ],Approved,None,2016-04-06 16:04:41
BMTIschool,Default [ AXIATA ],Approved,None,2016-04-06 16:04:41
BODHITREE,Default [ AXIATA ],Approved,None,2016-04-06 16:04:41
BookMart,Default [ AXIATA ],Approved,None,2016-04-06 16:04:41
BOSTON,Default [ AXIATA ],Approved,None,2016-04-06 16:04:41
BostonBTM,Default [ AXIATA ],Approved,None,2016-04-06 16:04:41
BrightFHSS,Default [ AXIATA ],Approved,None,2016-04-06 16:04:41
BROADLINK,Default [ AXIATA ],Approved,None,2016-04-06 16:04:41
BuddhaAcdmy,Default [ AXIATA ],Approved,None,2016-04-06 16:04:41
BuddhaJyoti,Default [ AXIATA ],Approved,None,2016-04-06 16:04:41
BuddhaPub,Default [ AXIATA ],Approved,None,2016-04-06 16:04:41
BwifiGorkha,Default [ AXIATA ],Approved,None,2016-04-06 16:04:41
ByaparSangh,Default [ AXIATA ],Approved,None,2016-04-06 16:04:41
CafeWorld,Default [ AXIATA ],Approved,None,2016-04-06 16:04:41
CAFODAT,Default [ AXIATA ],Approved,None,2016-04-06 16:04:41
CAI,Default [ AXIATA ],Approved,None,2016-04-06 16:04:41
Cambridge,Default [ AXIATA ],Approved,None,2016-04-06 16:04:41
CAN,Default [ AXIATA ],Approved,None,2016-04-06 16:04:41
CANKAVRE,Default [ AXIATA ],Approved,None,2016-04-06 16:04:41
CANLumbini,Default [ AXIATA ],Approved,None,2016-04-06 16:04:41
CANN,Default [ AXIATA ],Approved,None,2016-04-06 16:04:41
CANVAS,Default [ AXIATA ],Approved,None,2016-04-06 16:04:41
CAPITAL,Default [ AXIATA ],Approved,None,2016-04-06 16:04:41
CAREER,Default [ AXIATA ],Approved,None,2016-04-06 16:04:41
CareHR,Default [ AXIATA ],Approved,None,2016-04-06 16:04:41
CARIBBEAN,Default [ AXIATA ],Approved,None,2016-04-06 16:04:41
CaspianColz,Default [ AXIATA ],Approved,None,2016-04-06 16:04:41
Caspion,Default [ AXIATA ],Approved,None,2016-04-06 16:04:41
CCICHITWAN,Default [ AXIATA ],Approved,None,2016-04-06 16:04:41
CCMA,Default [ AXIATA ],Approved,None,2016-04-06 16:04:41
CCT,Default [ AXIATA ],Approved,None,2016-04-06 16:04:41
CCTAccount,Default [ AXIATA ],Approved,None,2016-04-06 16:04:41
CCTAdmin,Default [ AXIATA ],Approved,None,2016-04-06 16:04:41
CCTChairman,Default [ AXIATA ],Approved,None,2016-04-06 16:04:41
CedepName,Default [ AXIATA ],Approved,None,2016-04-06 16:04:41
CHANAKYA,Default [ AXIATA ],Approved,None,2016-04-06 16:04:41
CHANDRAMA,Default [ AXIATA ],Approved,None,2016-04-06 16:04:41
ChandraSury,Default [ AXIATA ],Approved,None,2016-04-06 16:04:41
ChangeNepal,Default [ AXIATA ],Approved,None,2016-04-06 16:04:41
CHITCOL,Default [ AXIATA ],Approved,None,2016-04-06 16:04:41
CIMA,Default [ AXIATA ],Approved,None,2016-04-06 16:04:41
cit,Default [ AXIATA ],Approved,None,2016-04-06 16:04:41
CITYCENTRE,Default [ AXIATA ],Approved,None,2016-04-06 16:04:41
CityMax,Default [ AXIATA ],Approved,None,2016-04-06 16:04:41
ClassicOvrs,Default [ AXIATA ],Approved,None,2016-04-06 16:04:41
CMC,Default [ AXIATA ],Approved,None,2016-04-06 16:04:41
COLUMBUS,Default [ AXIATA ],Approved,None,2016-04-06 16:04:41
ComputrHome,Default [ AXIATA ],Approved,None,2016-04-06 16:04:41
congress,Default [ AXIATA ],Approved,None,2016-04-06 16:04:41
Connection,Default [ AXIATA ],Approved,None,2016-04-06 16:04:41
corona,Default [ AXIATA ],Approved,None,2016-04-06 16:04:41
cosmic,Default [ AXIATA ],Approved,None,2016-04-06 16:04:41
CPNUML,Default [ AXIATA ],Approved,None,2016-04-06 16:04:41
cpnuml,Default [ AXIATA ],Approved,None,2016-04-06 16:04:41
cpnuml1,Default [ AXIATA ],Approved,None,2016-04-06 16:04:41
CpnUmlUac,Default [ AXIATA ],Approved,None,2016-04-06 16:04:41
CRDTCHITWAN,Default [ AXIATA ],Approved,None,2016-04-06 16:04:41
CRESCENT,Default [ AXIATA ],Approved,None,2016-04-06 16:04:41
CrimsonHosp,Default [ AXIATA ],Approved,None,2016-04-06 16:04:41
CromaIntl,Default [ AXIATA ],Approved,None,2016-04-06 16:04:41
Crown,Default [ AXIATA ],Approved,None,2016-04-06 16:04:41
CRYSTAL,Default [ AXIATA ],Approved,None,2016-04-06 16:04:41
CRYSTALColz,Default [ AXIATA ],Approved,None,2016-04-06 16:04:41
CSEGORKHA,Default [ AXIATA ],Approved,None,2016-04-06 16:04:41
CSKlanguage,Default [ AXIATA ],Approved,None,2016-04-06 16:04:41
dahalcom,Default [ AXIATA ],Approved,None,2016-04-06 16:04:41
DamakMUN,Default [ AXIATA ],Approved,None,2016-04-06 16:04:41
Darpansacco,Default [ AXIATA ],Approved,None,2016-04-06 16:04:41
DBBS,Default [ AXIATA ],Approved,None,2016-04-06 16:04:41
DBSACCOS,Default [ AXIATA ],Approved,None,2016-04-06 16:04:41
DCH,Default [ AXIATA ],Approved,None,2016-04-06 16:04:41
DCSDRKhanal,Default [ AXIATA ],Approved,None,2016-04-06 16:04:41
DCTManoj,Default [ AXIATA ],Approved,None,2016-04-06 16:04:41
DCU,Default [ AXIATA ],Approved,None,2016-04-06 16:04:41
DDCchitwan,Default [ AXIATA ],Approved,None,2016-04-06 16:04:41
DEBHSchool,Default [ AXIATA ],Approved,None,2016-04-06 16:04:41
DEGGA,Default [ AXIATA ],Approved,None,2016-04-06 16:04:41
DEMOCRATES,Default [ AXIATA ],Approved,None,2016-04-06 16:04:41
DEVENDRASHR,Default [ AXIATA ],Approved,None,2016-04-06 16:04:41
DEVIDALAKOT,Default [ AXIATA ],Approved,None,2016-04-06 16:04:41
DewanIthari,Default [ AXIATA ],Approved,None,2016-04-06 16:04:41
DGMadhukar,Default [ AXIATA ],Approved,None,2016-04-06 16:04:41
DGSHAMBHU,Default [ AXIATA ],Approved,None,2016-04-06 16:04:41
DhanaRaj,Default [ AXIATA ],Approved,None,2016-04-06 16:04:41
Dhanmilan,Default [ AXIATA ],Approved,None,2016-04-06 16:04:41
dharanhouse,Default [ AXIATA ],Approved,None,2016-04-06 16:04:41
DHKUH,Default [ AXIATA ],Approved,None,2016-04-06 16:04:41
DiamondHSS,Default [ AXIATA ],Approved,None,2016-04-06 16:04:41
DiamondOvs,Default [ AXIATA ],Approved,None,2016-04-06 16:04:41
DIBYASHWARI,Default [ AXIATA ],Approved,None,2016-04-06 16:04:41
DilipSuwal,Default [ AXIATA ],Approved,None,2016-04-06 16:04:41
DipikaThap,Default [ AXIATA ],Approved,None,2016-04-06 16:04:41
DipJangShah,Default [ AXIATA ],Approved,None,2016-04-06 16:04:41
Dist325A1,Default [ AXIATA ],Approved,None,2016-04-06 16:04:41
Dist325A2,Default [ AXIATA ],Approved,None,2016-04-06 16:04:41
Dist325B1,Default [ AXIATA ],Approved,None,2016-04-06 16:04:41
DIYALO,Default [ AXIATA ],Approved,None,2016-04-06 16:04:41
DkDhungana,Default [ AXIATA ],Approved,None,2016-04-06 16:04:41
DKTHAPALIYA,Default [ AXIATA ],Approved,None,2016-04-06 16:04:41
DLC,Default [ AXIATA ],Approved,None,2016-04-06 16:04:41
DOLPHIN,Default [ AXIATA ],Approved,None,2016-04-06 16:04:41
DotComHouse,Default [ AXIATA ],Approved,None,2016-04-06 16:04:41
Dproton,Default [ AXIATA ],Approved,None,2016-04-06 16:04:41
DunlopNepal,Default [ AXIATA ],Approved,None,2016-04-06 16:04:41
DynamicGHR,Default [ AXIATA ],Approved,None,2016-04-06 16:04:41
EastWest,Default [ AXIATA ],Approved,None,2016-04-06 16:04:41
EasySoft,Default [ AXIATA ],Approved,None,2016-04-06 16:04:41
educationpar,Default [ AXIATA ],Approved,None,2016-04-06 16:04:41
EduGlobal,Default [ AXIATA ],Approved,None,2016-04-06 16:04:41
EDUPALNEPAL,Default [ AXIATA ],Approved,None,2016-04-06 16:04:41
EEMC,Default [ AXIATA ],Approved,None,2016-04-06 16:04:41
EICOLLEGE,Default [ AXIATA ],Approved,None,2016-04-06 16:04:41
EINSTEIN,Default [ AXIATA ],Approved,None,2016-04-06 16:04:41
EkataSaccos,Default [ AXIATA ],Approved,None,2016-04-06 16:04:41
ElanIntl,Default [ AXIATA ],Approved,None,2016-04-06 16:04:41
ElimKids,Default [ AXIATA ],Approved,None,2016-04-06 16:04:41
Emerald,Default [ AXIATA ],Approved,None,2016-04-06 16:04:41
EonMedical,Default [ AXIATA ],Approved,None,2016-04-06 16:04:41
ePRIMA,Default [ AXIATA ],Approved,None,2016-04-06 16:04:41
ETSTOEIC,Default [ AXIATA ],Approved,None,2016-04-06 16:04:41
EUROAMERICA,Default [ AXIATA ],Approved,None,2016-04-06 16:04:41
EuroKids,Default [ AXIATA ],Approved,None,2016-04-06 16:04:41
EVENEPAL,Default [ AXIATA ],Approved,None,2016-04-06 16:04:41
EVEREST,Default [ AXIATA ],Approved,None,2016-04-06 16:04:41
FCI,Default [ AXIATA ],Approved,None,2016-04-06 16:04:41
FirstStep,Default [ AXIATA ],Approved,None,2016-04-06 16:04:41
Florid,Default [ AXIATA ],Approved,None,2016-04-06 16:04:41
FLORIDA,Default [ AXIATA ],Approved,None,2016-04-06 16:04:41
FloridITR,Default [ AXIATA ],Approved,None,2016-04-06 16:04:41
FNBSB,Default [ AXIATA ],Approved,None,2016-04-06 16:04:41
FocusEdu,Default [ AXIATA ],Approved,None,2016-04-06 16:04:41
FocusNepal,Default [ AXIATA ],Approved,None,2016-04-06 16:04:41
FREELANCER,Default [ AXIATA ],Approved,None,2016-04-06 16:04:41
FRIENDSHIPS,Default [ AXIATA ],Approved,None,2016-04-06 16:04:41
FromAntic,Default [ AXIATA ],Approved,None,2016-04-06 16:04:41
FromNCC,Default [ AXIATA ],Approved,None,2016-04-06 16:04:41
FusionIntl,Default [ AXIATA ],Approved,None,2016-04-06 16:04:41
FutsalTime,Default [ AXIATA ],Approved,None,2016-04-06 16:04:41
FutureStar,Default [ AXIATA ],Approved,None,2016-04-06 16:04:41
GALAXYEDU,Default [ AXIATA ],Approved,None,2016-04-06 16:04:41
GalaxyPS,Default [ AXIATA ],Approved,None,2016-04-06 16:04:41
GAN,Default [ AXIATA ],Approved,None,2016-04-06 16:04:41
gantabya,Default [ AXIATA ],Approved,None,2016-04-06 16:04:41
GATE,Default [ AXIATA ],Approved,None,2016-04-06 16:04:41
Gateway,Default [ AXIATA ],Approved,None,2016-04-06 16:04:41
Gatishil,Default [ AXIATA ],Approved,None,2016-04-06 16:04:41
Gaurishankr,Default [ AXIATA ],Approved,None,2016-04-06 16:04:41
GCDWorlwide,Default [ AXIATA ],Approved,None,2016-04-06 16:04:41
GCIPLCement,Default [ AXIATA ],Approved,None,2016-04-06 16:04:41
GEMPGanga,Default [ AXIATA ],Approved,None,2016-04-06 16:04:41
GEMPgobinda,Default [ AXIATA ],Approved,None,2016-04-06 16:04:41
GEMPNabin,Default [ AXIATA ],Approved,None,2016-04-06 16:04:41
gems,Default [ AXIATA ],Approved,None,2016-04-06 16:04:41
Genuine,Default [ AXIATA ],Approved,None,2016-04-06 16:04:41
GESONNP,Default [ AXIATA ],Approved,None,2016-04-06 16:04:41
GICNGH,Default [ AXIATA ],Approved,None,2016-04-06 16:04:41
GlobalRelia,Default [ AXIATA ],Approved,None,2016-04-06 16:04:41
gmf,Default [ AXIATA ],Approved,None,2016-04-06 16:04:41
GMservices,Default [ AXIATA ],Approved,None,2016-04-06 16:04:41
GoldenEagle,Default [ AXIATA ],Approved,None,2016-04-06 16:04:41
GoldnHspitl,Default [ AXIATA ],Approved,None,2016-04-06 16:04:41
GoldSilver,Default [ AXIATA ],Approved,None,2016-04-06 16:04:41
GoldSpot,Default [ AXIATA ],Approved,None,2016-04-06 16:04:41
Goodwill,Default [ AXIATA ],Approved,None,2016-04-06 16:04:41
GopalGurung,Default [ AXIATA ],Approved,None,2016-04-06 16:04:41
Gorkhas,Default [ AXIATA ],Approved,None,2016-04-06 16:04:41
GOVIND,Default [ AXIATA ],Approved,None,2016-04-06 16:04:41
GPcollege,Default [ AXIATA ],Approved,None,2016-04-06 16:04:41
GRACEHTD,Default [ AXIATA ],Approved,None,2016-04-06 16:04:41
GraceIntl,Default [ AXIATA ],Approved,None,2016-04-06 16:04:41
GraceOvrs,Default [ AXIATA ],Approved,None,2016-04-06 16:04:41
GrandFortun,Default [ AXIATA ],Approved,None,2016-04-06 16:04:41
GreatSky,Default [ AXIATA ],Approved,None,2016-04-06 16:04:41
GREENLAND,Default [ AXIATA ],Approved,None,2016-04-06 16:04:41
GreenWorld,Default [ AXIATA ],Approved,None,2016-04-06 16:04:41
GRPlacement,Default [ AXIATA ],Approved,None,2016-04-06 16:04:41
GSCollege,Default [ AXIATA ],Approved,None,2016-04-06 16:04:41
gsdang,Default [ AXIATA ],Approved,None,2016-04-06 16:04:41
GSI,Default [ AXIATA ],Approved,None,2016-04-06 16:04:41
GULFHORIZON,Default [ AXIATA ],Approved,None,2016-04-06 16:04:41
GulfSpring,Default [ AXIATA ],Approved,None,2016-04-06 16:04:41
GulfStar,Default [ AXIATA ],Approved,None,2016-04-06 16:04:41
GULFTHAMEL,Default [ AXIATA ],Approved,None,2016-04-06 16:04:41
GURUKUL,Default [ AXIATA ],Approved,None,2016-04-06 16:04:41
gurunggroup,Default [ AXIATA ],Approved,None,2016-04-06 16:04:41
GURUNGmgmt,Default [ AXIATA ],Approved,None,2016-04-06 16:04:41
GYANENDRA,Default [ AXIATA ],Approved,None,2016-04-06 16:04:41
GyanHari,Default [ AXIATA ],Approved,None,2016-04-06 16:04:41
GYANKUNJ,Default [ AXIATA ],Approved,None,2016-04-06 16:04:41
GYANODAYA,Default [ AXIATA ],Approved,None,2016-04-06 16:04:41
GyanuGaire,Default [ AXIATA ],Approved,None,2016-04-06 16:04:41
HamroBus,Default [ AXIATA ],Approved,None,2016-04-06 16:04:41
HAMROSACCOS,Default [ AXIATA ],Approved,None,2016-04-06 16:04:41
Hanscoope,Default [ AXIATA ],Approved,None,2016-04-06 16:04:41
Hardford,Default [ AXIATA ],Approved,None,2016-04-06 16:04:41
HCOE,Default [ AXIATA ],Approved,None,2016-04-06 16:04:41
HeadsNepal,Default [ AXIATA ],Approved,None,2016-04-06 16:04:41
Heartland,Default [ AXIATA ],Approved,None,2016-04-06 16:04:41
HeavenOvers,Default [ AXIATA ],Approved,None,2016-04-06 16:04:41
HEMSSCHOOL,Default [ AXIATA ],Approved,None,2016-04-06 16:04:41
HERALD,Default [ AXIATA ],Approved,None,2016-04-06 16:04:41
Hetaudafm,Default [ AXIATA ],Approved,None,2016-04-06 16:04:41
Hgangotri,Default [ AXIATA ],Approved,None,2016-04-06 16:04:41
HILLSIDE,Default [ AXIATA ],Approved,None,2016-04-06 16:04:41
Himalayan,Default [ AXIATA ],Approved,None,2016-04-06 16:04:41
HIMARABovs,Default [ AXIATA ],Approved,None,2016-04-06 16:04:41
HIMHSS,Default [ AXIATA ],Approved,None,2016-04-06 16:04:41
HIMS,Default [ AXIATA ],Approved,None,2016-04-06 16:04:41
HISSANKTM,Default [ AXIATA ],Approved,None,2016-04-06 16:04:41
HopeCollege,Default [ AXIATA ],Approved,None,2016-04-06 16:04:41
HRDrolex,Default [ AXIATA ],Approved,None,2016-04-06 16:04:41
HyolmoEnt,Default [ AXIATA ],Approved,None,2016-04-06 16:04:41
HYUNDAI,Default [ AXIATA ],Approved,None,2016-04-06 16:04:41
IDEAL,Default [ AXIATA ],Approved,None,2016-04-06 16:04:41
IDEAL2,Default [ AXIATA ],Approved,None,2016-04-06 16:04:41
IdealModel,Default [ AXIATA ],Approved,None,2016-04-06 16:04:41
IFIMCC,Default [ AXIATA ],Approved,None,2016-04-06 16:04:41
ImageSchool,Default [ AXIATA ],Approved,None,2016-04-06 16:04:41
IMPERIAL,Default [ AXIATA ],Approved,None,2016-04-06 16:04:41
IMRPvtLtd,Default [ AXIATA ],Approved,None,2016-04-06 16:04:41
IMSmanpower,Default [ AXIATA ],Approved,None,2016-04-06 16:04:41
IndraSaccos,Default [ AXIATA ],Approved,None,2016-04-06 16:04:41
IndreniClg,Default [ AXIATA ],Approved,None,2016-04-06 16:04:41
INFORMATICS,Default [ AXIATA ],Approved,None,2016-04-06 16:04:41
InnovaIT,Default [ AXIATA ],Approved,None,2016-04-06 16:04:41
INTEL,Default [ AXIATA ],Approved,None,2016-04-06 16:04:41
INTENSIVE,Default [ AXIATA ],Approved,None,2016-04-06 16:04:41
INTERACTIVE,Default [ AXIATA ],Approved,None,2016-04-06 16:04:41
InterLink,Default [ AXIATA ],Approved,None,2016-04-06 16:04:41
IPSitahari,Default [ AXIATA ],Approved,None,2016-04-06 16:04:41
ISERNepal,Default [ AXIATA ],Approved,None,2016-04-06 16:04:41
IshwarGrg,Default [ AXIATA ],Approved,None,2016-04-06 16:04:41
JagatNepal,Default [ AXIATA ],Approved,None,2016-04-06 16:04:41
JAMBOREE,Default [ AXIATA ],Approved,None,2016-04-06 16:04:41
JANASAGAR,Default [ AXIATA ],Approved,None,2016-04-06 16:04:41
JCBMAW,Default [ AXIATA ],Approved,None,2016-04-06 16:04:41
JCBService,Default [ AXIATA ],Approved,None,2016-04-06 16:04:41
JciDamak,Default [ AXIATA ],Approved,None,2016-04-06 16:04:41
JCIindrapur,Default [ AXIATA ],Approved,None,2016-04-06 16:04:41
JcShreedhar,Default [ AXIATA ],Approved,None,2016-04-06 16:04:41
JCSubash,Default [ AXIATA ],Approved,None,2016-04-06 16:04:41
JECRC,Default [ AXIATA ],Approved,None,2016-04-06 16:04:41
JerryMS,Default [ AXIATA ],Approved,None,2016-04-06 16:04:41
JerryVgrs,Default [ AXIATA ],Approved,None,2016-04-06 16:04:41
JIBSSchool,Default [ AXIATA ],Approved,None,2016-04-06 16:04:41
JIBSSTU,Default [ AXIATA ],Approved,None,2016-04-06 16:04:41
JMC,Default [ AXIATA ],Approved,None,2016-04-06 16:04:41
JMTVS,Default [ AXIATA ],Approved,None,2016-04-06 16:04:41
JOBintl,Default [ AXIATA ],Approved,None,2016-04-06 16:04:41
JobPlacemen,Default [ AXIATA ],Approved,None,2016-04-06 16:04:41
Jobspot,Default [ AXIATA ],Approved,None,2016-04-06 16:04:41
jobtrack,Default [ AXIATA ],Approved,None,2016-04-06 16:04:41
Default [ AXIATA ],Approved,None,2016-04-06 16:04:41
JobWorld,Default [ AXIATA ],Approved,None,2016-04-06 16:04:41
JPF,Default [ AXIATA ],Approved,None,2016-04-06 16:04:41
JupitarOvrs,Default [ AXIATA ],Approved,None,2016-04-06 16:04:41
JUPITER,Default [ AXIATA ],Approved,None,2016-04-06 16:04:41
jyotideep,Default [ AXIATA ],Approved,None,2016-04-06 16:04:41
KAGOSIDAktm,Default [ AXIATA ],Approved,None,2016-04-06 16:04:41
kailaslimbu,Default [ AXIATA ],Approved,None,2016-04-06 16:04:41
Kalinchok,Default [ AXIATA ],Approved,None,2016-04-06 16:04:41
KalyanGuthi,Default [ AXIATA ],Approved,None,2016-04-06 16:04:41
KALYANJOSHI,Default [ AXIATA ],Approved,None,2016-04-06 16:04:41
KAMALJAISI,Default [ AXIATA ],Approved,None,2016-04-06 16:04:41
KANDK,Default [ AXIATA ],Approved,None,2016-04-06 16:04:41
KARUNA,Default [ AXIATA ],Approved,None,2016-04-06 16:04:41
Katarcampus,Default [ AXIATA ],Approved,None,2016-04-06 16:04:41
KathPABSON,Default [ AXIATA ],Approved,None,2016-04-06 16:04:41
KavreJCI,Default [ AXIATA ],Approved,None,2016-04-06 16:04:41
Kavya,Default [ AXIATA ],Approved,None,2016-04-06 16:04:41
KAYAKAIRAN,Default [ AXIATA ],Approved,None,2016-04-06 16:04:41
KBintl,Default [ AXIATA ],Approved,None,2016-04-06 16:04:41
kctscollege,Default [ AXIATA ],Approved,None,2016-04-06 16:04:41
KEF,Default [ AXIATA ],Approved,None,2016-04-06 16:04:41
keshab,Default [ AXIATA ],Approved,None,2016-04-06 16:04:41
KESHAV,Default [ AXIATA ],Approved,None,2016-04-06 16:04:41
KHAGOL,Default [ AXIATA ],Approved,None,2016-04-06 16:04:41
KhagolITR,Default [ AXIATA ],Approved,None,2016-04-06 16:04:41
KHMC,Default [ AXIATA ],Approved,None,2016-04-06 16:04:41
KHRM,Default [ AXIATA ],Approved,None,2016-04-06 16:04:41
Khwopa,Default [ AXIATA ],Approved,None,2016-04-06 16:04:41
KIC,Default [ AXIATA ],Approved,None,2016-04-06 16:04:41
kimono,Default [ AXIATA ],Approved,None,2016-04-06 16:04:41
KINS,Default [ AXIATA ],Approved,None,2016-04-06 16:04:41
KITCOLLEGE,Default [ AXIATA ],Approved,None,2016-04-06 16:04:41
KMC,Default [ AXIATA ],Approved,None,2016-04-06 16:04:41
kmc,Default [ AXIATA ],Approved,None,2016-04-06 16:04:41
KMCBAGBAZAR,Default [ AXIATA ],Approved,None,2016-04-06 16:04:41
KMCHospital,Default [ AXIATA ],Approved,None,2016-04-06 16:04:41
KoreanBhasa,Default [ AXIATA ],Approved,None,2016-04-06 16:04:41
KoshiIntl,Default [ AXIATA ],Approved,None,2016-04-06 16:04:41
kripa,Default [ AXIATA ],Approved,None,2016-04-06 16:04:41
KrishnaGD,Default [ AXIATA ],Approved,None,2016-04-06 16:04:41
KSAmanpower,Default [ AXIATA ],Approved,None,2016-04-06 16:04:41
KSL,Default [ AXIATA ],Approved,None,2016-04-06 16:04:41
KTMPABSAN,Default [ AXIATA ],Approved,None,2016-04-06 16:04:41
KUHS,Default [ AXIATA ],Approved,None,2016-04-06 16:04:41
KuhsAlevel,Default [ AXIATA ],Approved,None,2016-04-06 16:04:41
KuhsKids,Default [ AXIATA ],Approved,None,2016-04-06 16:04:41
KuhsPrimary,Default [ AXIATA ],Approved,None,2016-04-06 16:04:41
KuhsSec,Default [ AXIATA ],Approved,None,2016-04-06 16:04:41
KumarSubedi,Default [ AXIATA ],Approved,None,2016-04-06 16:04:41
KUMUD,Default [ AXIATA ],Approved,None,2016-04-06 16:04:41
KVCCollege,Default [ AXIATA ],Approved,None,2016-04-06 16:04:41
KVCSchool,Default [ AXIATA ],Approved,None,2016-04-06 16:04:41
LAJF,Default [ AXIATA ],Approved,None,2016-04-06 16:04:41
LALIGURAS,Default [ AXIATA ],Approved,None,2016-04-06 16:04:41
LalitaRaj,Default [ AXIATA ],Approved,None,2016-04-06 16:04:41
Landmark,Default [ AXIATA ],Approved,None,2016-04-06 16:04:41
LaxmiMotor,Default [ AXIATA ],Approved,None,2016-04-06 16:04:41
layeku,Default [ AXIATA ],Approved,None,2016-04-06 16:04:41
LBCHS,Default [ AXIATA ],Approved,None,2016-04-06 16:04:41
LCBageswori,Default [ AXIATA ],Approved,None,2016-04-06 16:04:41
LCChitrawan,Default [ AXIATA ],Approved,None,2016-04-06 16:04:41
LCKC,Default [ AXIATA ],Approved,None,2016-04-06 16:04:41
LCKGongabu,Default [ AXIATA ],Approved,None,2016-04-06 16:04:41
LCkhanikhla,Default [ AXIATA ],Approved,None,2016-04-06 16:04:41
LCMIDNEPAL,Default [ AXIATA ],Approved,None,2016-04-06 16:04:41
LCPEACE,Default [ AXIATA ],Approved,None,2016-04-06 16:04:41
LcSamriddhi,Default [ AXIATA ],Approved,None,2016-04-06 16:04:41
LibertyHR,Default [ AXIATA ],Approved,None,2016-04-06 16:04:41
LifeCoach,Default [ AXIATA ],Approved,None,2016-04-06 16:04:41
LimcoOvrs,Default [ AXIATA ],Approved,None,2016-04-06 16:04:41
Limitless,Default [ AXIATA ],Approved,None,2016-04-06 16:04:41
LionBhugol,Default [ AXIATA ],Approved,None,2016-04-06 16:04:41
LIONBIJU,Default [ AXIATA ],Approved,None,2016-04-06 16:04:41
LIONRUDRA,Default [ AXIATA ],Approved,None,2016-04-06 16:04:41
LIONS,Default [ AXIATA ],Approved,None,2016-04-06 16:04:41
Lions325B,Default [ AXIATA ],Approved,None,2016-04-06 16:04:41
LIONS325B1,Default [ AXIATA ],Approved,None,2016-04-06 16:04:41
LIONS325B2,Default [ AXIATA ],Approved,None,2016-04-06 16:04:41
LionShambhu,Default [ AXIATA ],Approved,None,2016-04-06 16:04:41
LNKhanal,Default [ AXIATA ],Approved,None,2016-04-06 16:04:41
LoyalSaccos,Default [ AXIATA ],Approved,None,2016-04-06 16:04:41
LOYALTY,Default [ AXIATA ],Approved,None,2016-04-06 16:04:41
LTV,Default [ AXIATA ],Approved,None,2016-04-06 16:04:41
LuckyHR,Default [ AXIATA ],Approved,None,2016-04-06 16:04:41
LumbiniExpo,Default [ AXIATA ],Approved,None,2016-04-06 16:04:41
LunaHR,Default [ AXIATA ],Approved,None,2016-04-06 16:04:41
LyceumPA,Default [ AXIATA ],Approved,None,2016-04-06 16:04:41
MacDecor,Default [ AXIATA ],Approved,None,2016-04-06 16:04:41
MadanKhanal,Default [ AXIATA ],Approved,None,2016-04-06 16:04:41
MadhuLohani,Default [ AXIATA ],Approved,None,2016-04-06 16:04:41
MadhusudanS,Default [ AXIATA ],Approved,None,2016-04-06 16:04:41
MadinaIntl,Default [ AXIATA ],Approved,None,2016-04-06 16:04:41
Maitreya,Default [ AXIATA ],Approved,None,2016-04-06 16:04:41
Maitri,Default [ AXIATA ],Approved,None,2016-04-06 16:04:41
ManakMedia,Default [ AXIATA ],Approved,None,2016-04-06 16:04:41
ManepalCamp,Default [ AXIATA ],Approved,None,2016-04-06 16:04:41
ManoharaRst,Default [ AXIATA ],Approved,None,2016-04-06 16:04:41
ManpowrLink,Default [ AXIATA ],Approved,None,2016-04-06 16:04:41
MANTRA,Default [ AXIATA ],Approved,None,2016-04-06 16:04:41
MargDarshan,Default [ AXIATA ],Approved,None,2016-04-06 16:04:41
MarshalEmp,Default [ AXIATA ],Approved,None,2016-04-06 16:04:41
MARUTI,Default [ AXIATA ],Approved,None,2016-04-06 16:04:41
Mashareq,Default [ AXIATA ],Approved,None,2016-04-06 16:04:41
MasterJob,Default [ AXIATA ],Approved,None,2016-04-06 16:04:41
MaterID,Default [ AXIATA ],Approved,None,2016-04-06 16:04:41
MatruEdu,Default [ AXIATA ],Approved,None,2016-04-06 16:04:41
MBKoverseas,Default [ AXIATA ],Approved,None,2016-04-06 16:04:41
MCCBharat,Default [ AXIATA ],Approved,None,2016-04-06 16:04:41
MCCHITWAN,Default [ AXIATA ],Approved,None,2016-04-06 16:04:41
MDSACCOS,Default [ AXIATA ],Approved,None,2016-04-06 16:04:41
MechikaliT,Default [ AXIATA ],Approved,None,2016-04-06 16:04:41
Metersbonwe,Default [ AXIATA ],Approved,None,2016-04-06 16:04:41
MIG,Default [ AXIATA ],Approved,None,2016-04-06 16:04:41
MIL,Default [ AXIATA ],Approved,None,2016-04-06 16:04:41
MILESTONE,Default [ AXIATA ],Approved,None,2016-04-06 16:04:41
MILLSBERRY,Default [ AXIATA ],Approved,None,2016-04-06 16:04:41
MissMangol,Default [ AXIATA ],Approved,None,2016-04-06 16:04:41
MitaIntl,Default [ AXIATA ],Approved,None,2016-04-06 16:04:41
MITS,Default [ AXIATA ],Approved,None,2016-04-06 16:04:41
MMC,Default [ AXIATA ],Approved,None,2016-04-06 16:04:41
MMP,Default [ AXIATA ],Approved,None,2016-04-06 16:04:41
MMTC,Default [ AXIATA ],Approved,None,2016-04-06 16:04:41
MnpwrDemand,Default [ AXIATA ],Approved,None,2016-04-06 16:04:41
MobhiraHR,Default [ AXIATA ],Approved,None,2016-04-06 16:04:41
MobhiraOvrs,Default [ AXIATA ],Approved,None,2016-04-06 16:04:41
ModernBHSS,Default [ AXIATA ],Approved,None,2016-04-06 16:04:41
MohanGurung,Default [ AXIATA ],Approved,None,2016-04-06 16:04:41
MOLIHSS,Default [ AXIATA ],Approved,None,2016-04-06 16:04:41
MOTHERLAND,Default [ AXIATA ],Approved,None,2016-04-06 16:04:41
msg,Default [ AXIATA ],Approved,None,2016-04-06 16:04:41
MSSchool,Default [ AXIATA ],Approved,None,2016-04-06 16:04:41
MTMEBS,Default [ AXIATA ],Approved,None,2016-04-06 16:04:41
MTV,Default [ AXIATA ],Approved,None,2016-04-06 16:04:41
MukutDhakal,Default [ AXIATA ],Approved,None,2016-04-06 16:04:41
MusicSaccos,Default [ AXIATA ],Approved,None,2016-04-06 16:04:41
MUSIKOT,Default [ AXIATA ],Approved,None,2016-04-06 16:04:41
MyRetail,Default [ AXIATA ],Approved,None,2016-04-06 16:04:41
NabilOvers,Default [ AXIATA ],Approved,None,2016-04-06 16:04:41
NAFEA,Default [ AXIATA ],Approved,None,2016-04-06 16:04:41
NAGARIK,Default [ AXIATA ],Approved,None,2016-04-06 16:04:41
NagarjunVa,Default [ AXIATA ],Approved,None,2016-04-06 16:04:41
NAGARPALIKA,Default [ AXIATA ],Approved,None,2016-04-06 16:04:41
Namaskar,Default [ AXIATA ],Approved,None,2016-04-06 16:04:41
Namaste,Default [ AXIATA ],Approved,None,2016-04-06 16:04:41
NAME,Default [ AXIATA ],Approved,None,2016-04-06 16:04:41
NAMOBUDDHA,Default [ AXIATA ],Approved,None,2016-04-06 16:04:41
NAMSColleg,Default [ AXIATA ],Approved,None,2016-04-06 16:04:41
NAMUNA,Default [ AXIATA ],Approved,None,2016-04-06 16:04:41
NanoClean,Default [ AXIATA ],Approved,None,2016-04-06 16:04:41
NAPKTM,Default [ AXIATA ],Approved,None,2016-04-06 16:04:41
Narayan,Default [ AXIATA ],Approved,None,2016-04-06 16:04:41
Narayankande,Default [ AXIATA ],Approved,None,2016-04-06 16:04:41
NASACOLLEGE,Default [ AXIATA ],Approved,None,2016-04-06 16:04:41
NAVODAYA,Default [ AXIATA ],Approved,None,2016-04-06 16:04:41
NawaKavreli,Default [ AXIATA ],Approved,None,2016-04-06 16:04:41
NawaliSave,Default [ AXIATA ],Approved,None,2016-04-06 16:04:41
Nawaratna,Default [ AXIATA ],Approved,None,2016-04-06 16:04:41
NayanSaccos,Default [ AXIATA ],Approved,None,2016-04-06 16:04:41
NCA,Default [ AXIATA ],Approved,None,2016-04-06 16:04:41
NCC,Default [ AXIATA ],Approved,None,2016-04-06 16:04:41
NCChitwanPD,Default [ AXIATA ],Approved,None,2016-04-06 16:04:41
NCCS,Default [ AXIATA ],Approved,None,2016-04-06 16:04:41
NCDA,Default [ AXIATA ],Approved,None,2016-04-06 16:04:41
NCM,Default [ AXIATA ],Approved,None,2016-04-06 16:04:41
NCRS,Default [ AXIATA ],Approved,None,2016-04-06 16:04:41
NDFEEF,Default [ AXIATA ],Approved,None,2016-04-06 16:04:41
NEC,Default [ AXIATA ],Approved,None,2016-04-06 16:04:41
NEELKAMAL,Default [ AXIATA ],Approved,None,2016-04-06 16:04:41
NEFSCUN,Default [ AXIATA ],Approved,None,2016-04-06 16:04:41
NEMOO,Default [ AXIATA ],Approved,None,2016-04-06 16:04:41
NEOEDUWORLD,Default [ AXIATA ],Approved,None,2016-04-06 16:04:41
NepalBani,Default [ AXIATA ],Approved,None,2016-04-06 16:04:41
NEPALHOSTE,Default [ AXIATA ],Approved,None,2016-04-06 16:04:41
NEPAsahkari,Default [ AXIATA ],Approved,None,2016-04-06 16:04:41
NEPHSS,Default [ AXIATA ],Approved,None,2016-04-06 16:04:41
NETRAHARI,Default [ AXIATA ],Approved,None,2016-04-06 16:04:41
NewCreation,Default [ AXIATA ],Approved,None,2016-04-06 16:04:41
NewDemand,Default [ AXIATA ],Approved,None,2016-04-06 16:04:41
NEWTON,Default [ AXIATA ],Approved,None,2016-04-06 16:04:41
NEXUS,Default [ AXIATA ],Approved,None,2016-04-06 16:04:41
NFEMS,Default [ AXIATA ],Approved,None,2016-04-06 16:04:41
NHPF,Default [ AXIATA ],Approved,None,2016-04-06 16:04:41
NIBC,Default [ AXIATA ],Approved,None,2016-04-06 16:04:41
nibc,Default [ AXIATA ],Approved,None,2016-04-06 16:04:41
Nightingale,Default [ AXIATA ],Approved,None,2016-04-06 16:04:41
NileOverses,Default [ AXIATA ],Approved,None,2016-04-06 16:04:41
NIMAS,Default [ AXIATA ],Approved,None,2016-04-06 16:04:41
NimasTours,Default [ AXIATA ],Approved,None,2016-04-06 16:04:41
NiranjanK,Default [ AXIATA ],Approved,None,2016-04-06 16:04:41
NIRKUMAR,Default [ AXIATA ],Approved,None,2016-04-06 16:04:41
Nirvana,Default [ AXIATA ],Approved,None,2016-04-06 16:04:41
Default [ AXIATA ],Approved,None,2016-04-06 16:04:41
NIST,Default [ AXIATA ],Approved,None,2016-04-06 16:04:41
NIST,Default [ AXIATA ],Approved,None,2016-04-06 16:04:41
NITC,Default [ AXIATA ],Approved,None,2016-04-06 16:04:41
Niwida,Default [ AXIATA ],Approved,None,2016-04-06 16:04:41
NJC,Default [ AXIATA ],Approved,None,2016-04-06 16:04:41
NJSEWA,Default [ AXIATA ],Approved,None,2016-04-06 16:04:41
NKALAMANDIR,Default [ AXIATA ],Approved,None,2016-04-06 16:04:41
NLIC,Default [ AXIATA ],Approved,None,2016-04-06 16:04:41
NMHSS,Default [ AXIATA ],Approved,None,2016-04-06 16:04:41
NNCA,Default [ AXIATA ],Approved,None,2016-04-06 16:04:41
NNHSS,Default [ AXIATA ],Approved,None,2016-04-06 16:04:41
nobalmedical,Default [ AXIATA ],Approved,None,2016-04-06 16:04:41
NOM,Default [ AXIATA ],Approved,None,2016-04-06 16:04:41
NORGIMA,Default [ AXIATA ],Approved,None,2016-04-06 16:04:41
NPA,Default [ AXIATA ],Approved,None,2016-04-06 16:04:41
NPAgency,Default [ AXIATA ],Approved,None,2016-04-06 16:04:41
Nscreation,Default [ AXIATA ],Approved,None,2016-04-06 16:04:41
NTHBCA,Default [ AXIATA ],Approved,None,2016-04-06 16:04:41
NURSINGPLUS,Default [ AXIATA ],Approved,None,2016-04-06 16:04:41
NVAErahiti,Default [ AXIATA ],Approved,None,2016-04-06 16:04:41
NVEG,Default [ AXIATA ],Approved,None,2016-04-06 16:04:41
nzef,Default [ AXIATA ],Approved,None,2016-04-06 16:04:41
OASIS,Default [ AXIATA ],Approved,None,2016-04-06 16:04:41
OceanManpwr,Default [ AXIATA ],Approved,None,2016-04-06 16:04:41
OmNabaDeep,Default [ AXIATA ],Approved,None,2016-04-06 16:04:41
OnTrackEdu,Default [ AXIATA ],Approved,None,2016-04-06 16:04:41
OpalCollege,Default [ AXIATA ],Approved,None,2016-04-06 16:04:41
OrbitalEdu,Default [ AXIATA ],Approved,None,2016-04-06 16:04:41
orbitedu,Default [ AXIATA ],Approved,None,2016-04-06 16:04:41
OrchidHome,Default [ AXIATA ],Approved,None,2016-04-06 16:04:41
Orient,Default [ AXIATA ],Approved,None,2016-04-06 16:04:41
ORION,Default [ AXIATA ],Approved,None,2016-04-06 16:04:41
OrionOvsITR,Default [ AXIATA ],Approved,None,2016-04-06 16:04:41
Oshodhara,Default [ AXIATA ],Approved,None,2016-04-06 16:04:41
OshoManpwr,Default [ AXIATA ],Approved,None,2016-04-06 16:04:41
OshoTapoban,Default [ AXIATA ],Approved,None,2016-04-06 16:04:41
OshoVatika,Default [ AXIATA ],Approved,None,2016-04-06 16:04:41
oshoVyash,Default [ AXIATA ],Approved,None,2016-04-06 16:04:41
otel,Default [ AXIATA ],Approved,None,2016-04-06 16:04:41
OutFit,Default [ AXIATA ],Approved,None,2016-04-06 16:04:41
OvrsLimco,Default [ AXIATA ],Approved,None,2016-04-06 16:04:41
OXBRIDGE,Default [ AXIATA ],Approved,None,2016-04-06 16:04:41
Oxford,Default [ AXIATA ],Approved,None,2016-04-06 16:04:41
OxfordBtl,Default [ AXIATA ],Approved,None,2016-04-06 16:04:41
OxfordIntl,Default [ AXIATA ],Approved,None,2016-04-06 16:04:41
PA,Default [ AXIATA ],Approved,None,2016-04-06 16:04:41
PABSON,Default [ AXIATA ],Approved,None,2016-04-06 16:04:41
Pabsonbkt,Default [ AXIATA ],Approved,None,2016-04-06 16:04:41
PABSONCC,Default [ AXIATA ],Approved,None,2016-04-06 16:04:41
PabsonChit,Default [ AXIATA ],Approved,None,2016-04-06 16:04:41
PABSONKaski,Default [ AXIATA ],Approved,None,2016-04-06 16:04:41
PABSONNP,Default [ AXIATA ],Approved,None,2016-04-06 16:04:41
PABSONSNSRI,Default [ AXIATA ],Approved,None,2016-04-06 16:04:41
PajuIntl,Default [ AXIATA ],Approved,None,2016-04-06 16:04:41
PARADISE,Default [ AXIATA ],Approved,None,2016-04-06 16:04:41
ParadiseInt,Default [ AXIATA ],Approved,None,2016-04-06 16:04:41
PARAGON,Default [ AXIATA ],Approved,None,2016-04-06 16:04:41
ParasBista,Default [ AXIATA ],Approved,None,2016-04-06 16:04:41
PassionCCTV,Default [ AXIATA ],Approved,None,2016-04-06 16:04:41
PATHIBHARA,Default [ AXIATA ],Approved,None,2016-04-06 16:04:41
pathshala,Default [ AXIATA ],Approved,None,2016-04-06 16:04:41
PBS,Default [ AXIATA ],Approved,None,2016-04-06 16:04:41
PCM,Default [ AXIATA ],Approved,None,2016-04-06 16:04:41
PeaceZone,Default [ AXIATA ],Approved,None,2016-04-06 16:04:41
PearlHR,Default [ AXIATA ],Approved,None,2016-04-06 16:04:41
Pentagon,Default [ AXIATA ],Approved,None,2016-04-06 16:04:41
PERFECT,Default [ AXIATA ],Approved,None,2016-04-06 16:04:41
PeterEnglan,Default [ AXIATA ],Approved,None,2016-04-06 16:04:41
PFFEAN,Default [ AXIATA ],Approved,None,2016-04-06 16:04:41
PHOENIX,Default [ AXIATA ],Approved,None,2016-04-06 16:04:41
PigeonIntl,Default [ AXIATA ],Approved,None,2016-04-06 16:04:41
PIS,Default [ AXIATA ],Approved,None,2016-04-06 16:04:41
Pkrsaving,Default [ AXIATA ],Approved,None,2016-04-06 16:04:41
Pksmanch,Default [ AXIATA ],Approved,None,2016-04-06 16:04:41
plc,Default [ AXIATA ],Approved,None,2016-04-06 16:04:41
PLO,Default [ AXIATA ],Approved,None,2016-04-06 16:04:41
PMS,Default [ AXIATA ],Approved,None,2016-04-06 16:04:41
PPM,Default [ AXIATA ],Approved,None,2016-04-06 16:04:41
PPMC,Default [ AXIATA ],Approved,None,2016-04-06 16:04:41
Pradip,Default [ AXIATA ],Approved,None,2016-04-06 16:04:41
PRADUMNA,Default [ AXIATA ],Approved,None,2016-04-06 16:04:41
PragatiSch,Default [ AXIATA ],Approved,None,2016-04-06 16:04:41
Prakash00,Default [ AXIATA ],Approved,None,2016-04-06 16:04:41
PranicHeal,Default [ AXIATA ],Approved,None,2016-04-06 16:04:41
PRASHANT,Default [ AXIATA ],Approved,None,2016-04-06 16:04:41
PRATIBHA,Default [ AXIATA ],Approved,None,2016-04-06 16:04:41
PreciseINTL,Default [ AXIATA ],Approved,None,2016-04-06 16:04:41
PRESIDENT,Default [ AXIATA ],Approved,None,2016-04-06 16:04:41
PressUnion,Default [ AXIATA ],Approved,None,2016-04-06 16:04:41
PRIME,Default [ AXIATA ],Approved,None,2016-04-06 16:04:41
PrimeFM,Default [ AXIATA ],Approved,None,2016-04-06 16:04:41
PRINCIPAL,Default [ AXIATA ],Approved,None,2016-04-06 16:04:41
PRITIMA,Default [ AXIATA ],Approved,None,2016-04-06 16:04:41
PRIYASH,Default [ AXIATA ],Approved,None,2016-04-06 16:04:41
PROGERSSIVE,Default [ AXIATA ],Approved,None,2016-04-06 16:04:41
ProtchNepal,Default [ AXIATA ],Approved,None,2016-04-06 16:04:41
PthvaraOVrs,Default [ AXIATA ],Approved,None,2016-04-06 16:04:41
PublcHealth,Default [ AXIATA ],Approved,None,2016-04-06 16:04:41
PUSHPARAJJO,Default [ AXIATA ],Approved,None,2016-04-06 16:04:41
Puspa,Default [ AXIATA ],Approved,None,2016-04-06 16:04:41
PuspaItahri,Default [ AXIATA ],Approved,None,2016-04-06 16:04:41
puspaithar,Default [ AXIATA ],Approved,None,2016-04-06 16:04:41
PV,Default [ AXIATA ],Approved,None,2016-04-06 16:04:41
QandU,Default [ AXIATA ],Approved,None,2016-04-06 16:04:41
Radiant,Default [ AXIATA ],Approved,None,2016-04-06 16:04:41
RADIANTovs,Default [ AXIATA ],Approved,None,2016-04-06 16:04:41
RADIOAROAN,Default [ AXIATA ],Approved,None,2016-04-06 16:04:41
RADIOARPAN,Default [ AXIATA ],Approved,None,2016-04-06 16:04:41
Radiojnk,Default [ AXIATA ],Approved,None,2016-04-06 16:04:41
Radium,Default [ AXIATA ],Approved,None,2016-04-06 16:04:41
RaiSchool,Default [ AXIATA ],Approved,None,2016-04-06 16:04:41
RAJARAMREGM,Default [ AXIATA ],Approved,None,2016-04-06 16:04:41
RAJENDRA,Default [ AXIATA ],Approved,None,2016-04-06 16:04:41
RajOffset,Default [ AXIATA ],Approved,None,2016-04-06 16:04:41
RajOverseas,Default [ AXIATA ],Approved,None,2016-04-06 16:04:41
RajuRai,Default [ AXIATA ],Approved,None,2016-04-06 16:04:41
Ramax,Default [ AXIATA ],Approved,None,2016-04-06 16:04:41
RamechapSK,Default [ AXIATA ],Approved,None,2016-04-06 16:04:41
RameshUSA,Default [ AXIATA ],Approved,None,2016-04-06 16:04:41
RAPIDINTL,Default [ AXIATA ],Approved,None,2016-04-06 16:04:41
RapidTrade,Default [ AXIATA ],Approved,None,2016-04-06 16:04:41
rapti,Default [ AXIATA ],Approved,None,2016-04-06 16:04:41
RBRecruit,Default [ AXIATA ],Approved,None,2016-04-06 16:04:41
RBRecuit,Default [ AXIATA ],Approved,None,2016-04-06 16:04:41
RCCButwal,Default [ AXIATA ],Approved,None,2016-04-06 16:04:41
RCCI,Default [ AXIATA ],Approved,None,2016-04-06 16:04:41
RCCITEAM,Default [ AXIATA ],Approved,None,2016-04-06 16:04:41
RCI,Default [ AXIATA ],Approved,None,2016-04-06 16:04:41
RCIButwal,Default [ AXIATA ],Approved,None,2016-04-06 16:04:41
RCKTMNorth,Default [ AXIATA ],Approved,None,2016-04-06 16:04:41
RedCrossDMK,Default [ AXIATA ],Approved,None,2016-04-06 16:04:41
RedMugCafe,Default [ AXIATA ],Approved,None,2016-04-06 16:04:41
Reliance,Default [ AXIATA ],Approved,None,2016-04-06 16:04:41
resonance,Default [ AXIATA ],Approved,None,2016-04-06 16:04:41
ReviveNepal,Default [ AXIATA ],Approved,None,2016-04-06 16:04:41
RGHIMIRE,Default [ AXIATA ],Approved,None,2016-04-06 16:04:41
rkromas,Default [ AXIATA ],Approved,None,2016-04-06 16:04:41
RNMC,Default [ AXIATA ],Approved,None,2016-04-06 16:04:41
RoopakJoshi,Default [ AXIATA ],Approved,None,2016-04-06 16:04:41
ROSEBUD,Default [ AXIATA ],Approved,None,2016-04-06 16:04:41
RPBhatta,Default [ AXIATA ],Approved,None,2016-04-06 16:04:41
RSCOLLEGE,Default [ AXIATA ],Approved,None,2016-04-06 16:04:41
RSSCHOOL,Default [ AXIATA ],Approved,None,2016-04-06 16:04:41
RTC,Default [ AXIATA ],Approved,None,2016-04-06 16:04:41
RTICentre,Default [ AXIATA ],Approved,None,2016-04-06 16:04:41
SachyamHR,Default [ AXIATA ],Approved,None,2016-04-06 16:04:41
SadhanaIntl,Default [ AXIATA ],Approved,None,2016-04-06 16:04:41
SafeLand,Default [ AXIATA ],Approved,None,2016-04-06 16:04:41
Sagarmatha,Default [ AXIATA ],Approved,None,2016-04-06 16:04:41
sagarmatha,Default [ AXIATA ],Approved,None,2016-04-06 16:04:41
SagunHome,Default [ AXIATA ],Approved,None,2016-04-06 16:04:41
SaharaNepal,Default [ AXIATA ],Approved,None,2016-04-06 16:04:41
SahasHydro,Default [ AXIATA ],Approved,None,2016-04-06 16:04:41
SAHASRA,Default [ AXIATA ],Approved,None,2016-04-06 16:04:41
Sahayatra,Default [ AXIATA ],Approved,None,2016-04-06 16:04:41
Sahayatri,Default [ AXIATA ],Approved,None,2016-04-06 16:04:41
SajiloJob,Default [ AXIATA ],Approved,None,2016-04-06 16:04:41
SamajUtthan,Default [ AXIATA ],Approved,None,2016-04-06 16:04:41
SamarpanSMJ,Default [ AXIATA ],Approved,None,2016-04-06 16:04:41
SampadaOvs,Default [ AXIATA ],Approved,None,2016-04-06 16:04:41
SAMYOGovs,Default [ AXIATA ],Approved,None,2016-04-06 16:04:41
san123,Default [ AXIATA ],Approved,None,2016-04-06 16:04:41
sanjeev,Default [ AXIATA ],Approved,None,2016-04-06 16:04:41
Sarathi,Default [ AXIATA ],Approved,None,2016-04-06 16:04:41
Sayapatri,Default [ AXIATA ],Approved,None,2016-04-06 16:04:41
SBD,Default [ AXIATA ],Approved,None,2016-04-06 16:04:41
sc1,Default [ AXIATA ],Approved,None,2016-04-06 16:04:41
SchEMS,Default [ AXIATA ],Approved,None,2016-04-06 16:04:41
SeaAcademy,Default [ AXIATA ],Approved,None,2016-04-06 16:04:41
SeaLinkOvrs,Default [ AXIATA ],Approved,None,2016-04-06 16:04:41
SeaPublic,Default [ AXIATA ],Approved,None,2016-04-06 16:04:41
SebakTrade,Default [ AXIATA ],Approved,None,2016-04-06 16:04:41
sechan,Default [ AXIATA ],Approved,None,2016-04-06 16:04:41
SECRETARY,Default [ AXIATA ],Approved,None,2016-04-06 16:04:41
SGCOLLEGE,Default [ AXIATA ],Approved,None,2016-04-06 16:04:41
SGMEDIA,Default [ AXIATA ],Approved,None,2016-04-06 16:04:41
ShalimarJw,Default [ AXIATA ],Approved,None,2016-04-06 16:04:41
Shalmani,Default [ AXIATA ],Approved,None,2016-04-06 16:04:41
Shambhu,Default [ AXIATA ],Approved,None,2016-04-06 16:04:41
SHANGRILA,Default [ AXIATA ],Approved,None,2016-04-06 16:04:41
ShankarDMK,Default [ AXIATA ],Approved,None,2016-04-06 16:04:41
SHANKARGIRI,Default [ AXIATA ],Approved,None,2016-04-06 16:04:41
SHARADA,Default [ AXIATA ],Approved,None,2016-04-06 16:04:41
shardait,Default [ AXIATA ],Approved,None,2016-04-06 16:04:41
SHARDAIT,Default [ AXIATA ],Approved,None,2016-04-06 16:04:41
shardasms,Default [ AXIATA ],Approved,None,2016-04-06 16:04:41
SharonServ,Default [ AXIATA ],Approved,None,2016-04-06 16:04:41
SHEBcollege,Default [ AXIATA ],Approved,None,2016-04-06 16:04:41
SHEBschool,Default [ AXIATA ],Approved,None,2016-04-06 16:04:41
Shekhar,Default [ AXIATA ],Approved,None,2016-04-06 16:04:41
SherIntl,Default [ AXIATA ],Approved,None,2016-04-06 16:04:41
SherpaOvs,Default [ AXIATA ],Approved,None,2016-04-06 16:04:41
ShikharIntl,Default [ AXIATA ],Approved,None,2016-04-06 16:04:41
ShineIT,Default [ AXIATA ],Approved,None,2016-04-06 16:04:41
SHINHWA,Default [ AXIATA ],Approved,None,2016-04-06 16:04:41
SHIVAM,Default [ AXIATA ],Approved,None,2016-04-06 16:04:41
SHRAMJYOTI,Default [ AXIATA ],Approved,None,2016-04-06 16:04:41
Shreedhar,Default [ AXIATA ],Approved,None,2016-04-06 16:04:41
ShreeyamEdu,Default [ AXIATA ],Approved,None,2016-04-06 16:04:41
SHRIJANA,Default [ AXIATA ],Approved,None,2016-04-06 16:04:41
SHSS,Default [ AXIATA ],Approved,None,2016-04-06 16:04:41
ShubhaLaxmi,Default [ AXIATA ],Approved,None,2016-04-06 16:04:41
SHUBHARABHA,Default [ AXIATA ],Approved,None,2016-04-06 16:04:41
Shubharatna,Default [ AXIATA ],Approved,None,2016-04-06 16:04:41
ShubhaTimes,Default [ AXIATA ],Approved,None,2016-04-06 16:04:41
SHUMSHERIT,Default [ AXIATA ],Approved,None,2016-04-06 16:04:41
ShyamPara,Default [ AXIATA ],Approved,None,2016-04-06 16:04:41
SICCI,Default [ AXIATA ],Approved,None,2016-04-06 16:04:41
SIDDHARTHA,Default [ AXIATA ],Approved,None,2016-04-06 16:04:41
SigmaIntl,Default [ AXIATA ],Approved,None,2016-04-06 16:04:41
Sikshapremi,Default [ AXIATA ],Approved,None,2016-04-06 16:04:41
SilverQueen,Default [ AXIATA ],Approved,None,2016-04-06 16:04:41
simrikOvrs,Default [ AXIATA ],Approved,None,2016-04-06 16:04:41
SirjanaPub,Default [ AXIATA ],Approved,None,2016-04-06 16:04:41
SiruVai,Default [ AXIATA ],Approved,None,2016-04-06 16:04:41
SIWAKOTI,Default [ AXIATA ],Approved,None,2016-04-06 16:04:41
SKK,Default [ AXIATA ],Approved,None,2016-04-06 16:04:41
SKYKING,Default [ AXIATA ],Approved,None,2016-04-06 16:04:41
Default [ AXIATA ],Approved,None,2016-04-06 16:04:41
Skyoverseas,Default [ AXIATA ],Approved,None,2016-04-06 16:04:41
SLASH,Default [ AXIATA ],Approved,None,2016-04-06 16:04:41
SLDIntl,Default [ AXIATA ],Approved,None,2016-04-06 16:04:41
SLPRADHAN,Default [ AXIATA ],Approved,None,2016-04-06 16:04:41
SMDC,Default [ AXIATA ],Approved,None,2016-04-06 16:04:41
SMScentral,Default [ AXIATA ],Approved,None,2016-04-06 16:04:41
SMSservice,Default [ AXIATA ],Approved,None,2016-04-06 16:04:41
SMSsoftware,Default [ AXIATA ],Approved,None,2016-04-06 16:04:41
SMSsoftware,Default [ AXIATA ],Approved,None,2016-04-06 16:04:41
SMSsofware,Default [ AXIATA ],Approved,None,2016-04-06 16:04:41
SNIntl,Default [ AXIATA ],Approved,None,2016-04-06 16:04:41
Social,Default [ AXIATA ],Approved,None,2016-04-06 16:04:41
SocietyMed,Default [ AXIATA ],Approved,None,2016-04-06 16:04:41
SOFTWARICA,Default [ AXIATA ],Approved,None,2016-04-06 16:04:41
SohanMaskey,Default [ AXIATA ],Approved,None,2016-04-06 16:04:41
SONYSOROOM,Default [ AXIATA ],Approved,None,2016-04-06 16:04:41
SosManpower,Default [ AXIATA ],Approved,None,2016-04-06 16:04:41
Soundline,Default [ AXIATA ],Approved,None,2016-04-06 16:04:41
SOUNDLINES,Default [ AXIATA ],Approved,None,2016-04-06 16:04:41
SOURYA,Default [ AXIATA ],Approved,None,2016-04-06 16:04:41
SpeedEmploy,Default [ AXIATA ],Approved,None,2016-04-06 16:04:41
SPRINGNEPAL,Default [ AXIATA ],Approved,None,2016-04-06 16:04:41
SQCedu,Default [ AXIATA ],Approved,None,2016-04-06 16:04:41
SRKOverseas,Default [ AXIATA ],Approved,None,2016-04-06 16:04:41
Ssangyong,Default [ AXIATA ],Approved,None,2016-04-06 16:04:41
SSSC,Default [ AXIATA ],Approved,None,2016-04-06 16:04:41
student,Default [ AXIATA ],Approved,None,2016-04-06 16:04:41
StudyIndia,Default [ AXIATA ],Approved,None,2016-04-06 16:04:41
STXAVIER,Default [ AXIATA ],Approved,None,2016-04-06 16:04:41
subash,Default [ AXIATA ],Approved,None,2016-04-06 16:04:41
SubhaLabha,Default [ AXIATA ],Approved,None,2016-04-06 16:04:41
SucessNepal,Default [ AXIATA ],Approved,None,2016-04-06 16:04:41
Sudesha,Default [ AXIATA ],Approved,None,2016-04-06 16:04:41
Sugamovs,Default [ AXIATA ],Approved,None,2016-04-06 16:04:41
SuitsBlazer,Default [ AXIATA ],Approved,None,2016-04-06 16:04:41
SujhavSACOS,Default [ AXIATA ],Approved,None,2016-04-06 16:04:41
suman,Default [ AXIATA ],Approved,None,2016-04-06 16:04:41
sumeera,Default [ AXIATA ],Approved,None,2016-04-06 16:04:41
SuneraNepal,Default [ AXIATA ],Approved,None,2016-04-06 16:04:41
SunilBhakta,Default [ AXIATA ],Approved,None,2016-04-06 16:04:41
SunriseEBS,Default [ AXIATA ],Approved,None,2016-04-06 16:04:41
SunShine,Default [ AXIATA ],Approved,None,2016-04-06 16:04:41
sunway,Default [ AXIATA ],Approved,None,2016-04-06 16:04:41
SupportHR,Default [ AXIATA ],Approved,None,2016-04-06 16:04:41
SUPREMEOVS,Default [ AXIATA ],Approved,None,2016-04-06 16:04:41
SURAJPAUDEL,Default [ AXIATA ],Approved,None,2016-04-06 16:04:41
survellience,Default [ AXIATA ],Approved,None,2016-04-06 16:04:41
SuryaIntJnp,Default [ AXIATA ],Approved,None,2016-04-06 16:04:41
sushilsth,Default [ AXIATA ],Approved,None,2016-04-06 16:04:41
SUTRADHAR,Default [ AXIATA ],Approved,None,2016-04-06 16:04:41
SuzukiDang,Default [ AXIATA ],Approved,None,2016-04-06 16:04:41
SVassociate,Default [ AXIATA ],Approved,None,2016-04-06 16:04:41
SwastikSoft,Default [ AXIATA ],Approved,None,2016-04-06 16:04:41
SWDTANDI,Default [ AXIATA ],Approved,None,2016-04-06 16:04:41
SWS,Default [ AXIATA ],Approved,None,2016-04-06 16:04:41
SWSC,Default [ AXIATA ],Approved,None,2016-04-06 16:04:41
swsc,Default [ AXIATA ],Approved,None,2016-04-06 16:04:41
SWSCExam,Default [ AXIATA ],Approved,None,2016-04-06 16:04:41
SYPRES,Default [ AXIATA ],Approved,None,2016-04-06 16:04:41
TACC,Default [ AXIATA ],Approved,None,2016-04-06 16:04:41
TankRaut,Default [ AXIATA ],Approved,None,2016-04-06 16:04:41
TARA,Default [ AXIATA ],Approved,None,2016-04-06 16:04:41
TEA,Default [ AXIATA ],Approved,None,2016-04-06 16:04:41
TeamTV,Default [ AXIATA ],Approved,None,2016-04-06 16:04:41
TECTRON,Default [ AXIATA ],Approved,None,2016-04-06 16:04:41
TEXASAC,Default [ AXIATA ],Approved,None,2016-04-06 16:04:41
TEXASCOLZ,Default [ AXIATA ],Approved,None,2016-04-06 16:04:41
ThakinGrg,Default [ AXIATA ],Approved,None,2016-04-06 16:04:41
ThakuriSamj,Default [ AXIATA ],Approved,None,2016-04-06 16:04:41
ThasiCoop,Default [ AXIATA ],Approved,None,2016-04-06 16:04:41
TheGurkha,Default [ AXIATA ],Approved,None,2016-04-06 16:04:41
THENEXT,Default [ AXIATA ],Approved,None,2016-04-06 16:04:41
TheRiver,Default [ AXIATA ],Approved,None,2016-04-06 16:04:41
TimesColz,Default [ AXIATA ],Approved,None,2016-04-06 16:04:41
TimesMgmt,Default [ AXIATA ],Approved,None,2016-04-06 16:04:41
TISHAJWOLAN,Default [ AXIATA ],Approved,None,2016-04-06 16:04:41
TMNGorkha,Default [ AXIATA ],Approved,None,2016-04-06 16:04:41
TopazIntl,Default [ AXIATA ],Approved,None,2016-04-06 16:04:41
TopJob,Default [ AXIATA ],Approved,None,2016-04-06 16:04:41
ToyoKaraage,Default [ AXIATA ],Approved,None,2016-04-06 16:04:41
TRENDWAY,Default [ AXIATA ],Approved,None,2016-04-06 16:04:41
TRICONintl,Default [ AXIATA ],Approved,None,2016-04-06 16:04:41
trinity,Default [ AXIATA ],Approved,None,2016-04-06 16:04:41
TRIPATHI,Default [ AXIATA ],Approved,None,2016-04-06 16:04:41
TRISHAKTI,Default [ AXIATA ],Approved,None,2016-04-06 16:04:41
TrustEdu,Default [ AXIATA ],Approved,None,2016-04-06 16:04:41
TrustNepal,Default [ AXIATA ],Approved,None,2016-04-06 16:04:41
TTC,Default [ AXIATA ],Approved,None,2016-04-06 16:04:41
TwinkleToes,Default [ AXIATA ],Approved,None,2016-04-06 16:04:41
UCCOMPANY,Default [ AXIATA ],Approved,None,2016-04-06 16:04:41
UCPNM,Default [ AXIATA ],Approved,None,2016-04-06 16:04:41
UCPNMCHQ,Default [ AXIATA ],Approved,None,2016-04-06 16:04:41
UltraGroup,Default [ AXIATA ],Approved,None,2016-04-06 16:04:41
UmlTPJktm,Default [ AXIATA ],Approved,None,2016-04-06 16:04:41
UNICAMPUS,Default [ AXIATA ],Approved,None,2016-04-06 16:04:41
UNIQUE,Default [ AXIATA ],Approved,None,2016-04-06 16:04:41
UniqueNepal,Default [ AXIATA ],Approved,None,2016-04-06 16:04:41
United,Default [ AXIATA ],Approved,None,2016-04-06 16:04:41
UnitedPub,Default [ AXIATA ],Approved,None,2016-04-06 16:04:41
Universal,Default [ AXIATA ],Approved,None,2016-04-06 16:04:41
UpaharHR,Default [ AXIATA ],Approved,None,2016-04-06 16:04:41
UPAMA,Default [ AXIATA ],Approved,None,2016-04-06 16:04:41
URBANA,Default [ AXIATA ],Approved,None,2016-04-06 16:04:41
USHAPLUS2,Default [ AXIATA ],Approved,None,2016-04-06 16:04:41
USHASCHOOL,Default [ AXIATA ],Approved,None,2016-04-06 16:04:41
VAC,Default [ AXIATA ],Approved,None,2016-04-06 16:04:41
VCECOLLEGE,Default [ AXIATA ],Approved,None,2016-04-06 16:04:41
VCMC,Default [ AXIATA ],Approved,None,2016-04-06 16:04:41
VGsuzuki,Default [ AXIATA ],Approved,None,2016-04-06 16:04:41
visionDMK,Default [ AXIATA ],Approved,None,2016-04-06 16:04:41
ViswaNiketn,Default [ AXIATA ],Approved,None,2016-04-06 16:04:41
VMSmanpower,Default [ AXIATA ],Approved,None,2016-04-06 16:04:41
VOTEFORME,Default [ AXIATA ],Approved,None,2016-04-06 16:04:41
VPS,Default [ AXIATA ],Approved,None,2016-04-06 16:04:41
VSAGAR,Default [ AXIATA ],Approved,None,2016-04-06 16:04:41
WEBankNepal,Default [ AXIATA ],Approved,None,2016-04-06 16:04:41
webteam,Default [ AXIATA ],Approved,None,2016-04-06 16:04:41
welcare,Default [ AXIATA ],Approved,None,2016-04-06 16:04:41
WELHAMS,Default [ AXIATA ],Approved,None,2016-04-06 16:04:41
WHITEFIELD,Default [ AXIATA ],Approved,None,2016-04-06 16:04:41
Whitehouse,Default [ AXIATA ],Approved,None,2016-04-06 16:04:41
WHSS,Default [ AXIATA ],Approved,None,2016-04-06 16:04:41
WideSpace,Default [ AXIATA ],Approved,None,2016-04-06 16:04:41
WiseOvrs,Default [ AXIATA ],Approved,None,2016-04-06 16:04:41
WiseOvs,Default [ AXIATA ],Approved,None,2016-04-06 16:04:41
WOODSVILLE,Default [ AXIATA ],Approved,None,2016-04-06 16:04:41
WorldNet,Default [ AXIATA ],Approved,None,2016-04-06 16:04:41
WorldnetHR,Default [ AXIATA ],Approved,None,2016-04-06 16:04:41
Worldways,Default [ AXIATA ],Approved,None,2016-04-06 16:04:41
WorldWideHR,Default [ AXIATA ],Approved,None,2016-04-06 16:04:41
WRCNEPAL,Default [ AXIATA ],Approved,None,2016-04-06 16:04:41
WVsaccos,Default [ AXIATA ],Approved,None,2016-04-06 16:04:41
xiaomi,Default [ AXIATA ],Approved,None,2016-04-06 16:04:41
YaccaOvrs,Default [ AXIATA ],Approved,None,2016-04-06 16:04:41
YAMAHA,Default [ AXIATA ],Approved,None,2016-04-06 16:04:41
YAMANBHUSAL,Default [ AXIATA ],Approved,None,2016-04-06 16:04:41
YGurukul,Default [ AXIATA ],Approved,None,2016-04-06 16:04:41
YouthManpwr,Default [ AXIATA ],Approved,None,2016-04-06 16:04:41
YUWASACCOS,Default [ AXIATA ],Approved,None,2016-04-06 16:04:41
ZENITH,Default [ AXIATA ],Approved,None,2016-04-06 16:04:41
ZenithOver,Default [ AXIATA ],Approved,None,2016-04-06 16:04:41
ZenithPRO,Default [ AXIATA ],Approved,None,2016-04-06 16:04:41
ZEROMEDIA,Default [ AXIATA ],Approved,None,2016-04-06 16:04:41
SOBIZTREND,Default [ AXIATA ],Approved,None,2016-04-24 15:55:33
LifeLine,Default [ AXIATA ],Approved,None,2016-04-24 15:56:02
KBAglobal,Default [ AXIATA ],Approved,None,2016-04-24 15:56:19
SAHAYOGI,Default [ AXIATA ],Approved,None,2016-04-24 15:56:37
WesternEdu,Default [ AXIATA ],Approved,None,2016-04-24 15:57:13
TriveniOvs,Default [ AXIATA ],Approved,None,2016-04-27 16:27:22
GaireAssoci,Default [ AXIATA ],Approved,None,2016-05-01 11:00:33
GurukulCA,Default [ AXIATA ],Approved,None,2016-05-01 11:01:05
AUTOHOME,Default [ AXIATA ],Approved,None,2016-05-01 11:01:53
KOSISH,Default [ AXIATA ],Approved,None,2016-05-15 13:47:39
WHEZ,Default [ AXIATA ],Approved,None,2016-05-15 13:49:23
EXPERTEDU,Default [ AXIATA ],Approved,None,2016-05-15 13:50:18
TexasSchool,Default [ AXIATA ],Approved,None,2016-05-15 13:54:09
PRAGYANsave,Default [ AXIATA ],Approved,None,2016-05-17 11:06:50
ANTUF,Default [ AXIATA ],Approved,None,2016-05-22 10:45:35
ShreemaiSav,Default [ AXIATA ],Approved,None,2016-05-22 10:46:42
GlobleTech,Default [ AXIATA ],Approved,None,2016-05-22 10:47:23
EasyLink,Default [ AXIATA ],Approved,None,2016-05-29 15:50:55
AEC,Default [ AXIATA ],Approved,None,2016-06-01 13:25:58
PhoenixBook,Default [ AXIATA ],Approved,None,2016-06-09 12:21:03
SARBODAYA,Default [ AXIATA ],Approved,None,2016-06-17 12:40:31
GreenPeace,Default [ AXIATA ],Approved,None,2016-06-17 12:42:09
ITSN,Default [ AXIATA ],Approved,None,2016-06-17 12:44:08
INTLCOLLEGE,Default [ AXIATA ],Approved,None,2016-06-21 18:01:47
ExpertEdu,Default [ AXIATA ],Approved,None,2016-06-21 18:02:06
ToyoMaha,Default [ AXIATA ],Approved,None,2016-06-24 14:49:42
Syntel,Default [ AXIATA ],Approved,None,2016-06-26 17:31:09
TCC,Default [ AXIATA ],Approved,None,2016-06-26 17:32:00
HVMCollege,Default [ AXIATA ],Approved,None,2016-06-26 17:33:01
CreativeTec,Default [ AXIATA ],Approved,None,2016-06-26 17:34:22
SGcollege,Default [ AXIATA ],Approved,None,2016-06-26 17:35:14
TopaIntlEdu,Default [ AXIATA ],Approved,None,2016-06-26 17:36:32
Benchmark,Default [ AXIATA ],Approved,None,2016-07-04 10:50:00
DubaiOvers,Default [ AXIATA ],Approved,None,2016-07-10 10:30:45
TIPPERSANG,Default [ AXIATA ],Approved,None,2016-07-10 10:31:33
CSIBanepa,Default [ AXIATA ],Approved,None,2016-07-10 10:32:39
BSDC,Default [ AXIATA ],Approved,None,2016-07-18 12:39:42
KasmiraSave,Default [ AXIATA ],Approved,None,2016-07-18 12:40:40
RCBharatpur,Default [ AXIATA ],Approved,None,2016-07-20 12:07:52
DIYALO,Default [ AXIATA ],Approved,None,2016-07-20 12:12:41
MicroSaccos,Default [ AXIATA ],Approved,None,2016-07-27 11:12:35
LokDarshan,Default [ AXIATA ],Approved,None,2016-08-01 14:03:34
PanasSaccos,Default [ AXIATA ],Approved,None,2016-08-01 14:04:23
HilltopCoop,Default [ AXIATA ],Approved,None,2016-08-08 10:42:36
ForeignLink,Default [ AXIATA ],Approved,None,2016-08-08 10:43:09
OLInAssoci,Default [ AXIATA ],Approved,None,2016-08-11 11:16:16
SKODA,Default [ AXIATA ],Approved,None,2016-08-11 11:17:23
ViswaJHSS,Default [ AXIATA ],Approved,None,2016-08-11 11:18:35
OASIS,Default [ AXIATA ],Approved,None,2016-08-11 11:18:58
RATIONAL,Default [ AXIATA ],Approved,None,2016-08-14 11:41:51
AlAyuni,Default [ AXIATA ],Approved,None,2016-08-21 10:26:28
BEA,Default [ AXIATA ],Approved,None,2016-08-28 11:12:57
RijalEdu,Default [ AXIATA ],Approved,None,2016-08-28 11:13:42
MorgenHR,Default [ AXIATA ],Approved,None,2016-08-28 11:14:26
AshaIntl,Default [ AXIATA ],Approved,None,2016-08-29 11:47:30
VishwaJHSS,Default [ AXIATA ],Approved,None,2016-08-29 14:50:43
PaurakhiEdu,Default [ AXIATA ],Approved,None,2016-08-29 14:52:13
ShikshakSav,Default [ AXIATA ],Approved,None,2016-08-29 14:53:31
JanasewiSav,Default [ AXIATA ],Approved,None,2016-09-06 14:21:39
RASTRASEWAK,Default [ AXIATA ],Approved,None,2016-09-06 14:23:03
MegaWebLink,Default [ AXIATA ],Approved,None,2016-09-13 12:40:21
BMoverseas,Default [ AXIATA ],Approved,None,2016-09-13 12:41:33
ShubhaDSCC,Default [ AXIATA ],Approved,None,2016-09-13 12:43:14
PuspaEnt,Default [ AXIATA ],Approved,None,2016-09-23 11:00:01
PushkarSave,Default [ AXIATA ],Approved,None,2016-09-23 11:01:04
KumariSave,Default [ AXIATA ],Approved,None,2016-09-23 11:03:06
EBA,Default [ AXIATA ],Approved,None,2016-09-23 11:04:04
CIVILHOMES,Default [ AXIATA ],Approved,None,2016-09-30 17:51:30
KarkiAssoci,Default [ AXIATA ],Approved,None,2016-10-07 11:18:55
YouthTech,Default [ AXIATA ],Approved,None,2016-10-07 11:19:49
CCBM,Default [ AXIATA ],Approved,None,2016-10-07 11:20:10
Eplanet,Default [ AXIATA ],Approved,None,2016-10-07 11:21:54
GorkhaUnite,Default [ AXIATA ],Approved,None,2016-10-07 11:22:43
CHOMOLUNGMA,Default [ AXIATA ],Approved,None,2016-10-07 11:23:34
YOKOHAMA,Default [ AXIATA ],Approved,None,2016-10-07 11:23:50
GorkhaPanel,Default [ AXIATA ],Approved,None,2016-10-07 11:24:42
PHACA,Default [ AXIATA ],Approved,None,2016-10-18 15:33:36
TrijyotiSav,Default [ AXIATA ],Approved,None,2016-10-23 11:10:26
RedDragon,Default [ AXIATA ],Approved,None,2016-11-10 10:36:20
HelloSaccos,Default [ AXIATA ],Approved,None,2016-11-10 10:39:26
AnupamFood,Default [ AXIATA ],Approved,None,2016-11-10 10:40:34
GoodLikeEdu,Default [ AXIATA ],Approved,None,2016-11-10 10:42:34
ParamountHR,Default [ AXIATA ],Approved,None,2016-11-17 10:48:45
AlSamaOvers,Default [ AXIATA ],Approved,None,2016-11-18 13:35:46
NATCON2016,Default [ AXIATA ],Approved,None,2016-11-20 11:48:42
TCPAdmin,Default [ AXIATA ],Approved,None,2016-11-20 11:50:33
OMSAIRAM,Default [ AXIATA ],Approved,None,2016-11-20 12:00:03
CPNUMLilam,Default [ AXIATA ],Approved,None,2016-11-20 12:26:57
UMLilamOne,Default [ AXIATA ],Approved,None,2016-11-20 14:48:10
GraceAcadem,Default [ AXIATA ],Requested,None,2016-11-21 11:27:16
